State,Year-Month,SARIMA_Sales_Prediction,LSTM_Predicted_Sales,Weighted_Ensemble,RMSE_Weighted_Ensemble,MSE_Weighted_Ensemble,MAE_Weighted_Ensemble,RMSE_LSTM,MSE_LSTM,MAE_LSTM,RMSE_SARIMA,MSE_SARIMA,MAE_SARIMA,Sales
Alabama,2018-01,0.0,0.0,0.0,56.370000000000005,3177.5769000000005,56.370000000000005,56.370000000000005,3177.5769000000005,56.370000000000005,56.370000000000005,3177.5769000000005,56.370000000000005,56.370000000000005
Alabama,2018-02,0.0,0.0,0.0,0.0,0.0,0.0,0.0,0.0,0.0,0.0,0.0,0.0,0.0
Alabama,2018-03,0.0,0.0,0.0,0.0,0.0,0.0,0.0,0.0,0.0,0.0,0.0,0.0,0.0
Alabama,2018-04,0.0,0.0,0.0,518.16,268489.78559999994,518.16,518.16,268489.78559999994,518.16,518.16,268489.78559999994,518.16,518.16
Alabama,2018-05,0.0,0.0,0.0,26.16,684.3456,26.16,26.16,684.3456,26.16,26.16,684.3456,26.16,26.16
Alabama,2018-06,0.0,0.0,0.0,16.240000000000002,263.73760000000004,16.240000000000002,16.240000000000002,263.73760000000004,16.240000000000002,16.240000000000002,263.73760000000004,16.240000000000002,16.240000000000002
Alabama,2018-07,0.0,0.0,0.0,0.0,0.0,0.0,0.0,0.0,0.0,0.0,0.0,0.0,0.0
Alabama,2018-08,0.0,0.0,0.0,0.0,0.0,0.0,0.0,0.0,0.0,0.0,0.0,0.0,0.0
Alabama,2018-09,0.0,0.0,0.0,0.0,0.0,0.0,0.0,0.0,0.0,0.0,0.0,0.0,0.0
Alabama,2018-10,0.0,0.0,0.0,10.16,103.2256,10.16,10.16,103.2256,10.16,10.16,103.2256,10.16,10.16
Alabama,2018-11,0.0,0.0,0.0,239.92,57561.6064,239.92,239.92,57561.6064,239.92,239.92,57561.6064,239.92,239.92
Alabama,2018-12,0.0,0.0,0.0,961.24,923982.3376,961.24,961.24,923982.3376,961.24,961.24,923982.3376,961.24,961.24
Arizona,2018-01,0.0,0.0,0.0,100.922,10185.250084,100.922,100.922,10185.250084,100.922,100.922,10185.250084,100.922,100.922
Arizona,2018-02,0.0,0.0,0.0,1112.0447232142856,1236643.466428737,1112.0447232142856,1112.0447232142856,1236643.466428737,1112.0447232142856,1112.0447232142856,1236643.466428737,1112.0447232142856,1112.0447232142856
Arizona,2018-03,0.0,0.0,0.0,0.0,0.0,0.0,0.0,0.0,0.0,0.0,0.0,0.0,0.0
Arizona,2018-04,0.0,0.0,0.0,560.896,314604.32281599997,560.896,560.896,314604.32281599997,560.896,560.896,314604.32281599997,560.896,560.896
Arizona,2018-05,0.0,0.0,0.0,1087.9638969072164,1183665.440973536,1087.9638969072164,1087.9638969072164,1183665.440973536,1087.9638969072164,1087.9638969072164,1183665.440973536,1087.9638969072164,1087.9638969072164
Arizona,2018-06,0.0,0.0,0.0,935.308,874801.054864,935.308,935.308,874801.054864,935.308,935.308,874801.054864,935.308,935.308
Arizona,2018-07,0.0,0.0,0.0,1298.896,1687130.818816,1298.896,1298.896,1687130.818816,1298.896,1298.896,1687130.818816,1298.896,1298.896
Arizona,2018-08,0.0,0.0,0.0,223.576,49986.227776,223.576,223.576,49986.227776,223.576,223.576,49986.227776,223.576,223.576
Arizona,2018-09,0.0,0.0,0.0,623.433,388668.705489,623.433,623.433,388668.705489,623.433,623.433,388668.705489,623.433,623.433
Arizona,2018-10,0.0,0.0,0.0,961.104,923720.8988160001,961.104,961.104,923720.8988160001,961.104,961.104,923720.8988160001,961.104,961.104
Arizona,2018-11,0.0,0.0,0.0,3192.462,10191813.621444,3192.462,3192.462,10191813.621444,3192.462,3192.462,10191813.621444,3192.462,3192.462
Arizona,2018-12,0.0,0.0,0.0,1533.735,2352343.050225,1533.735,1533.735,2352343.050225,1533.735,1533.735,2352343.050225,1533.735,1533.735
Arkansas,2018-01,0.0,0.0,0.0,0.0,0.0,0.0,0.0,0.0,0.0,0.0,0.0,0.0,0.0
Arkansas,2018-02,0.0,0.0,0.0,0.0,0.0,0.0,0.0,0.0,0.0,0.0,0.0,0.0,0.0
Arkansas,2018-03,0.0,0.0,0.0,40.41,1632.9680999999998,40.41,40.41,1632.9680999999998,40.41,40.41,1632.9680999999998,40.41,40.41
Arkansas,2018-04,0.0,0.0,0.0,0.0,0.0,0.0,0.0,0.0,0.0,0.0,0.0,0.0,0.0
Arkansas,2018-05,0.0,0.0,0.0,48.9,2391.21,48.9,48.9,2391.21,48.9,48.9,2391.21,48.9,48.9
Arkansas,2018-06,0.0,0.0,0.0,117.62,13834.4644,117.62,117.62,13834.4644,117.62,117.62,13834.4644,117.62,117.62
Arkansas,2018-07,0.0,0.0,0.0,0.0,0.0,0.0,0.0,0.0,0.0,0.0,0.0,0.0,0.0
Arkansas,2018-08,0.0,0.0,0.0,0.0,0.0,0.0,0.0,0.0,0.0,0.0,0.0,0.0,0.0
Arkansas,2018-09,0.0,0.0,0.0,939.82,883261.6324000001,939.82,939.82,883261.6324000001,939.82,939.82,883261.6324000001,939.82,939.82
Arkansas,2018-10,0.0,0.0,0.0,199.17,39668.688899999994,199.17,199.17,39668.688899999994,199.17,199.17,39668.688899999994,199.17,199.17
Arkansas,2018-11,0.0,0.0,0.0,4.3,18.49,4.3,4.3,18.49,4.3,4.3,18.49,4.3,4.3
Arkansas,2018-12,0.0,0.0,0.0,1357.42,1842589.0564000001,1357.42,1357.42,1842589.0564000001,1357.42,1357.42,1842589.0564000001,1357.42,1357.42
California,2018-01,0.0,0.0,0.0,4960.1034516239315,24602626.25081164,4960.1034516239315,4960.1034516239315,24602626.25081164,4960.1034516239315,4960.1034516239315,24602626.25081164,4960.1034516239315,4960.1034516239315
California,2018-02,0.0,0.0,0.0,8092.773153967561,65492977.321578056,8092.773153967561,8092.773153967561,65492977.321578056,8092.773153967561,8092.773153967561,65492977.321578056,8092.773153967561,8092.773153967561
California,2018-03,0.0,0.0,0.0,12799.436057019635,163825563.37773433,12799.436057019635,12799.436057019635,163825563.37773433,12799.436057019635,12799.436057019635,163825563.37773433,12799.436057019635,12799.436057019635
California,2018-04,0.0,0.0,0.0,4049.045241936456,16394767.371248255,4049.045241936456,4049.045241936456,16394767.371248255,4049.045241936456,4049.045241936456,16394767.371248255,4049.045241936456,4049.045241936456
California,2018-05,0.0,0.0,0.0,10228.403072973482,104620229.42321338,10228.403072973482,10228.403072973482,104620229.42321338,10228.403072973482,10228.403072973482,104620229.42321338,10228.403072973482,10228.403072973482
California,2018-06,0.0,0.0,0.0,9483.945214550922,89945216.83260334,9483.945214550922,9483.945214550922,89945216.83260334,9483.945214550922,9483.945214550922,89945216.83260334,9483.945214550922,9483.945214550922
California,2018-07,0.0,0.0,0.0,13572.831598495479,184221757.60111734,13572.831598495479,13572.831598495479,184221757.60111734,13572.831598495479,13572.831598495479,184221757.60111734,13572.831598495479,13572.831598495479
California,2018-08,0.0,0.0,0.0,14862.582316608517,220896353.1179642,14862.582316608517,14862.582316608517,220896353.1179642,14862.582316608517,14862.582316608517,220896353.1179642,14862.582316608517,14862.582316608517
California,2018-09,0.0,0.0,0.0,17185.090015278565,295327318.83322704,17185.090015278565,17185.090015278565,295327318.83322704,17185.090015278565,17185.090015278565,295327318.83322704,17185.090015278565,17185.090015278565
California,2018-10,0.0,0.0,0.0,17885.430217950943,319888614.08119273,17885.430217950943,17885.430217950943,319888614.08119273,17885.430217950943,17885.430217950943,319888614.08119273,17885.430217950943,17885.430217950943
California,2018-11,0.0,0.0,0.0,14695.282268164794,215951320.9410386,14695.282268164794,14695.282268164794,215951320.9410386,14695.282268164794,14695.282268164794,215951320.9410386,14695.282268164794,14695.282268164794
California,2018-12,0.0,0.0,0.0,18438.56970771287,339980852.86618674,18438.56970771287,18438.56970771287,339980852.86618674,18438.56970771287,18438.56970771287,339980852.86618674,18438.56970771287,18438.56970771287
Colorado,2018-01,0.0,0.0,0.0,337.688,114033.185344,337.688,337.688,114033.185344,337.688,337.688,114033.185344,337.688,337.688
Colorado,2018-02,0.0,0.0,0.0,9.432,88.962624,9.432,9.432,88.962624,9.432,9.432,88.962624,9.432,9.432
Colorado,2018-03,0.0,0.0,0.0,1332.496,1775545.5900160002,1332.496,1332.496,1775545.5900160002,1332.496,1332.496,1775545.5900160002,1332.496,1332.496
Colorado,2018-04,0.0,0.0,0.0,2643.6610000000005,6988943.482921002,2643.6610000000005,2643.6610000000005,6988943.482921002,2643.6610000000005,2643.6610000000005,6988943.482921002,2643.6610000000005,2643.6610000000005
Colorado,2018-05,0.0,0.0,0.0,120.783,14588.533089,120.783,120.783,14588.533089,120.783,120.783,14588.533089,120.783,120.783
Colorado,2018-06,0.0,0.0,0.0,599.672,359606.507584,599.672,599.672,359606.507584,599.672,599.672,359606.507584,599.672,599.672
Colorado,2018-07,0.0,0.0,0.0,0.0,0.0,0.0,0.0,0.0,0.0,0.0,0.0,0.0,0.0
Colorado,2018-08,0.0,0.0,0.0,1128.672,1273900.483584,1128.672,1128.672,1273900.483584,1128.672,1128.672,1273900.483584,1128.672,1128.672
Colorado,2018-09,0.0,0.0,0.0,1138.3878969072166,1295927.0038248356,1138.3878969072166,1138.3878969072166,1295927.0038248356,1138.3878969072166,1138.3878969072166,1295927.0038248356,1138.3878969072166,1138.3878969072166
Colorado,2018-10,0.0,0.0,0.0,646.1279999999999,417481.3923839999,646.1279999999999,646.1279999999999,417481.3923839999,646.1279999999999,646.1279999999999,417481.3923839999,646.1279999999999,646.1279999999999
Colorado,2018-11,0.0,0.0,0.0,1494.7211670761671,2234191.367305539,1494.7211670761671,1494.7211670761671,2234191.367305539,1494.7211670761671,1494.7211670761671,2234191.367305539,1494.7211670761671,1494.7211670761671
Colorado,2018-12,0.0,0.0,0.0,2885.002696264544,8323240.557453687,2885.002696264544,2885.002696264544,8323240.557453687,2885.002696264544,2885.002696264544,8323240.557453687,2885.002696264544,2885.002696264544
Connecticut,2018-01,0.0,0.0,0.0,3.52,12.3904,3.52,3.52,12.3904,3.52,3.52,12.3904,3.52,3.52
Connecticut,2018-02,0.0,0.0,0.0,976.5822219451371,953712.8362193011,976.5822219451371,976.5822219451371,953712.8362193011,976.5822219451371,976.5822219451371,953712.8362193011,976.5822219451371,976.5822219451371
Connecticut,2018-03,0.0,0.0,0.0,823.12,677526.5344,823.12,823.12,677526.5344,823.12,823.12,677526.5344,823.12,823.12
Connecticut,2018-04,0.0,0.0,0.0,403.02,162425.12039999999,403.02,403.02,162425.12039999999,403.02,403.02,162425.12039999999,403.02,403.02
Connecticut,2018-05,0.0,0.0,0.0,0.0,0.0,0.0,0.0,0.0,0.0,0.0,0.0,0.0,0.0
Connecticut,2018-06,0.0,0.0,0.0,705.0300000000001,497067.30090000015,705.0300000000001,705.0300000000001,497067.30090000015,705.0300000000001,705.0300000000001,497067.30090000015,705.0300000000001,705.0300000000001
Connecticut,2018-07,0.0,0.0,0.0,847.46,718188.4516,847.46,847.46,718188.4516,847.46,847.46,718188.4516,847.46,847.46
Connecticut,2018-08,0.0,0.0,0.0,0.0,0.0,0.0,0.0,0.0,0.0,0.0,0.0,0.0,0.0
Connecticut,2018-09,0.0,0.0,0.0,178.51999999999998,31869.390399999993,178.51999999999998,178.51999999999998,31869.390399999993,178.51999999999998,178.51999999999998,31869.390399999993,178.51999999999998,178.51999999999998
Connecticut,2018-10,0.0,0.0,0.0,13.05,170.3025,13.05,13.05,170.3025,13.05,13.05,170.3025,13.05,13.05
Connecticut,2018-11,0.0,0.0,0.0,127.372,16223.626384,127.372,127.372,16223.626384,127.372,127.372,16223.626384,127.372,127.372
Connecticut,2018-12,0.0,0.0,0.0,1563.65,2445001.3225000002,1563.65,1563.65,2445001.3225000002,1563.65,1563.65,2445001.3225000002,1563.65,1563.65
Delaware,2018-01,0.0,0.0,0.0,0.0,0.0,0.0,0.0,0.0,0.0,0.0,0.0,0.0,0.0
Delaware,2018-02,0.0,0.0,0.0,0.0,0.0,0.0,0.0,0.0,0.0,0.0,0.0,0.0,0.0
Delaware,2018-03,0.0,0.0,0.0,617.6801670761671,381528.7887992417,617.6801670761671,617.6801670761671,381528.7887992417,617.6801670761671,617.6801670761671,381528.7887992417,617.6801670761671,617.6801670761671
Delaware,2018-04,0.0,0.0,0.0,0.0,0.0,0.0,0.0,0.0,0.0,0.0,0.0,0.0,0.0
Delaware,2018-05,0.0,0.0,0.0,299.52,89712.23039999999,299.52,299.52,89712.23039999999,299.52,299.52,89712.23039999999,299.52,299.52
Delaware,2018-06,0.0,0.0,0.0,0.0,0.0,0.0,0.0,0.0,0.0,0.0,0.0,0.0,0.0
Delaware,2018-07,0.0,0.0,0.0,1690.9257502930834,2859229.893004227,1690.9257502930834,1690.9257502930834,2859229.893004227,1690.9257502930834,1690.9257502930834,2859229.893004227,1690.9257502930834,1690.9257502930834
Delaware,2018-08,0.0,0.0,0.0,0.0,0.0,0.0,0.0,0.0,0.0,0.0,0.0,0.0,0.0
Delaware,2018-09,0.0,0.0,0.0,3280.107,10759101.931449,3280.107,3280.107,10759101.931449,3280.107,3280.107,10759101.931449,3280.107,3280.107
Delaware,2018-10,0.0,0.0,0.0,0.0,0.0,0.0,0.0,0.0,0.0,0.0,0.0,0.0,0.0
Delaware,2018-11,0.0,0.0,0.0,10756.85,115709821.92250001,10756.85,10756.85,115709821.92250001,10756.85,10756.85,115709821.92250001,10756.85,10756.85
Delaware,2018-12,0.0,0.0,0.0,0.0,0.0,0.0,0.0,0.0,0.0,0.0,0.0,0.0,0.0
District of Columbia,2018-01,0.0,0.0,0.0,77.75999999999999,6046.617599999999,77.75999999999999,77.75999999999999,6046.617599999999,77.75999999999999,77.75999999999999,6046.617599999999,77.75999999999999,77.75999999999999
District of Columbia,2018-02,0.0,0.0,0.0,0.0,0.0,0.0,0.0,0.0,0.0,0.0,0.0,0.0,0.0
District of Columbia,2018-03,0.0,0.0,0.0,0.0,0.0,0.0,0.0,0.0,0.0,0.0,0.0,0.0,0.0
District of Columbia,2018-04,0.0,0.0,0.0,0.0,0.0,0.0,0.0,0.0,0.0,0.0,0.0,0.0,0.0
District of Columbia,2018-05,0.0,0.0,0.0,0.0,0.0,0.0,0.0,0.0,0.0,0.0,0.0,0.0,0.0
District of Columbia,2018-06,0.0,0.0,0.0,0.0,0.0,0.0,0.0,0.0,0.0,0.0,0.0,0.0,0.0
District of Columbia,2018-07,0.0,0.0,0.0,0.0,0.0,0.0,0.0,0.0,0.0,0.0,0.0,0.0,0.0
District of Columbia,2018-08,0.0,0.0,0.0,0.0,0.0,0.0,0.0,0.0,0.0,0.0,0.0,0.0,0.0
District of Columbia,2018-09,0.0,0.0,0.0,0.0,0.0,0.0,0.0,0.0,0.0,0.0,0.0,0.0,0.0
District of Columbia,2018-10,0.0,0.0,0.0,0.0,0.0,0.0,0.0,0.0,0.0,0.0,0.0,0.0,0.0
District of Columbia,2018-11,0.0,0.0,0.0,0.0,0.0,0.0,0.0,0.0,0.0,0.0,0.0,0.0,0.0
District of Columbia,2018-12,0.0,0.0,0.0,0.0,0.0,0.0,0.0,0.0,0.0,0.0,0.0,0.0,0.0
Florida,2018-01,0.0,0.0,0.0,421.944,178036.73913600002,421.944,421.944,178036.73913600002,421.944,421.944,178036.73913600002,421.944,421.944
Florida,2018-02,0.0,0.0,0.0,255.073268164794,65062.372132268916,255.073268164794,255.073268164794,65062.372132268916,255.073268164794,255.073268164794,65062.372132268916,255.073268164794,255.073268164794
Florida,2018-03,0.0,0.0,0.0,133.126,17722.531876,133.126,133.126,17722.531876,133.126,133.126,17722.531876,133.126,133.126
Florida,2018-04,0.0,0.0,0.0,3706.4315,13737634.46419225,3706.4315,3706.4315,13737634.46419225,3706.4315,3706.4315,13737634.46419225,3706.4315,3706.4315
Florida,2018-05,0.0,0.0,0.0,4056.142,16452287.924163999,4056.142,4056.142,16452287.924163999,4056.142,4056.142,16452287.924163999,4056.142,4056.142
Florida,2018-06,0.0,0.0,0.0,3086.087696264544,9523937.269035399,3086.087696264544,3086.087696264544,9523937.269035399,3086.087696264544,3086.087696264544,9523937.269035399,3086.087696264544,3086.087696264544
Florida,2018-07,0.0,0.0,0.0,379.6,144096.16,379.6,379.6,144096.16,379.6,379.6,144096.16,379.6,379.6
Florida,2018-08,0.0,0.0,0.0,260.416,67816.49305599999,260.416,260.416,67816.49305599999,260.416,260.416,67816.49305599999,260.416,260.416
Florida,2018-09,0.0,0.0,0.0,2070.9503450292395,4288835.331576726,2070.9503450292395,2070.9503450292395,4288835.331576726,2070.9503450292395,2070.9503450292395,4288835.331576726,2070.9503450292395,2070.9503450292395
Florida,2018-10,0.0,0.0,0.0,1773.647,3145823.680609,1773.647,1773.647,3145823.680609,1773.647,1773.647,3145823.680609,1773.647,1773.647
Florida,2018-11,0.0,0.0,0.0,5234.902,27404198.949604,5234.902,5234.902,27404198.949604,5234.902,5234.902,27404198.949604,5234.902,5234.902
Florida,2018-12,0.0,0.0,0.0,1183.3509999999999,1400319.5892009998,1183.3509999999999,1183.3509999999999,1400319.5892009998,1183.3509999999999,1183.3509999999999,1400319.5892009998,1183.3509999999999,1183.3509999999999
Georgia,2018-01,0.0,0.0,0.0,447.84222194513717,200562.6557567575,447.84222194513717,447.84222194513717,200562.6557567575,447.84222194513717,447.84222194513717,200562.6557567575,447.84222194513717,447.84222194513717
Georgia,2018-02,0.0,0.0,0.0,1245.86,1552167.1395999996,1245.86,1245.86,1552167.1395999996,1245.86,1245.86,1552167.1395999996,1245.86,1245.86
Georgia,2018-03,0.0,0.0,0.0,4186.91,17530215.3481,4186.91,4186.91,17530215.3481,4186.91,4186.91,17530215.3481,4186.91,4186.91
Georgia,2018-04,0.0,0.0,0.0,3834.1099999999997,14700399.492099997,3834.1099999999997,3834.1099999999997,14700399.492099997,3834.1099999999997,3834.1099999999997,14700399.492099997,3834.1099999999997,3834.1099999999997
Georgia,2018-05,0.0,0.0,0.0,1622.807268164794,2633503.429608482,1622.807268164794,1622.807268164794,2633503.429608482,1622.807268164794,1622.807268164794,2633503.429608482,1622.807268164794,1622.807268164794
Georgia,2018-06,0.0,0.0,0.0,544.14,296088.3396,544.14,544.14,296088.3396,544.14,544.14,296088.3396,544.14,544.14
Georgia,2018-07,0.0,0.0,0.0,449.48600000000005,202037.66419600006,449.48600000000005,449.48600000000005,202037.66419600006,449.48600000000005,449.48600000000005,202037.66419600006,449.48600000000005,449.48600000000005
Georgia,2018-08,0.0,0.0,0.0,71.98,5181.120400000001,71.98,71.98,5181.120400000001,71.98,71.98,5181.120400000001,71.98,71.98
Georgia,2018-09,0.0,0.0,0.0,2612.6307526030673,6825839.44944727,2612.6307526030673,2612.6307526030673,6825839.44944727,2612.6307526030673,2612.6307526030673,6825839.44944727,2612.6307526030673,2612.6307526030673
Georgia,2018-10,0.0,0.0,0.0,0.0,0.0,0.0,0.0,0.0,0.0,0.0,0.0,0.0,0.0
Georgia,2018-11,0.0,0.0,0.0,74.1,5490.8099999999995,74.1,74.1,5490.8099999999995,74.1,74.1,5490.8099999999995,74.1,74.1
Georgia,2018-12,0.0,0.0,0.0,479.97,230371.20090000003,479.97,479.97,230371.20090000003,479.97,479.97,230371.20090000003,479.97,479.97
Idaho,2018-01,0.0,0.0,0.0,0.0,0.0,0.0,0.0,0.0,0.0,0.0,0.0,0.0,0.0
Idaho,2018-02,0.0,0.0,0.0,0.0,0.0,0.0,0.0,0.0,0.0,0.0,0.0,0.0,0.0
Idaho,2018-03,0.0,0.0,0.0,0.0,0.0,0.0,0.0,0.0,0.0,0.0,0.0,0.0,0.0
Idaho,2018-04,0.0,0.0,0.0,0.0,0.0,0.0,0.0,0.0,0.0,0.0,0.0,0.0,0.0
Idaho,2018-05,0.0,0.0,0.0,814.526,663452.604676,814.526,814.526,663452.604676,814.526,814.526,663452.604676,814.526,814.526
Idaho,2018-06,0.0,0.0,0.0,0.0,0.0,0.0,0.0,0.0,0.0,0.0,0.0,0.0,0.0
Idaho,2018-07,0.0,0.0,0.0,0.0,0.0,0.0,0.0,0.0,0.0,0.0,0.0,0.0,0.0
Idaho,2018-08,0.0,0.0,0.0,0.0,0.0,0.0,0.0,0.0,0.0,0.0,0.0,0.0,0.0
Idaho,2018-09,0.0,0.0,0.0,89.97,8094.6008999999995,89.97,89.97,8094.6008999999995,89.97,89.97,8094.6008999999995,89.97,89.97
Idaho,2018-10,0.0,0.0,0.0,307.74,94703.9076,307.74,307.74,94703.9076,307.74,307.74,94703.9076,307.74,307.74
Idaho,2018-11,0.0,0.0,0.0,0.0,0.0,0.0,0.0,0.0,0.0,0.0,0.0,0.0,0.0
Idaho,2018-12,0.0,0.0,0.0,21.312,454.20134400000006,21.312,21.312,454.20134400000006,21.312,21.312,454.20134400000006,21.312,21.312
Illinois,2018-01,0.0,0.0,0.0,2450.122611111111,6003100.809477928,2450.122611111111,2450.122611111111,6003100.809477928,2450.122611111111,2450.122611111111,6003100.809477928,2450.122611111111,2450.122611111111
Illinois,2018-02,0.0,0.0,0.0,1898.4027502930833,3603933.0023203427,1898.4027502930833,1898.4027502930833,3603933.0023203427,1898.4027502930833,1898.4027502930833,3603933.0023203427,1898.4027502930833,1898.4027502930833
Illinois,2018-03,0.0,0.0,0.0,1878.5342219451372,3528890.823019022,1878.5342219451372,1878.5342219451372,3528890.823019022,1878.5342219451372,1878.5342219451372,3528890.823019022,1878.5342219451372,1878.5342219451372
Illinois,2018-04,0.0,0.0,0.0,1311.3958482023968,1719759.0706824837,1311.3958482023968,1311.3958482023968,1719759.0706824837,1311.3958482023968,1311.3958482023968,1719759.0706824837,1311.3958482023968,1311.3958482023968
Illinois,2018-05,0.0,0.0,0.0,1032.0917502930834,1065213.3810230403,1032.0917502930834,1032.0917502930834,1065213.3810230403,1032.0917502930834,1032.0917502930834,1065213.3810230403,1032.0917502930834,1032.0917502930834
Illinois,2018-06,0.0,0.0,0.0,3099.1408482023967,9604673.996996671,3099.1408482023967,3099.1408482023967,9604673.996996671,3099.1408482023967,3099.1408482023967,9604673.996996671,3099.1408482023967,3099.1408482023967
Illinois,2018-07,0.0,0.0,0.0,1521.144,2313879.068736,1521.144,1521.144,2313879.068736,1521.144,1521.144,2313879.068736,1521.144,1521.144
Illinois,2018-08,0.0,0.0,0.0,816.7823450292398,667133.3991514641,816.7823450292398,816.7823450292398,667133.3991514641,816.7823450292398,816.7823450292398,667133.3991514641,816.7823450292398,816.7823450292398
Illinois,2018-09,0.0,0.0,0.0,4066.935,16539960.294225,4066.935,4066.935,16539960.294225,4066.935,4066.935,16539960.294225,4066.935,4066.935
Illinois,2018-10,0.0,0.0,0.0,2826.4111584552466,7988600.036640329,2826.4111584552466,2826.4111584552466,7988600.036640329,2826.4111584552466,2826.4111584552466,7988600.036640329,2826.4111584552466,2826.4111584552466
Illinois,2018-11,0.0,0.0,0.0,1384.4392219451372,1916671.959260057,1384.4392219451372,1384.4392219451372,1916671.959260057,1384.4392219451372,1384.4392219451372,1916671.959260057,1384.4392219451372,1384.4392219451372
Illinois,2018-12,0.0,0.0,0.0,4762.85,22684740.122500002,4762.85,4762.85,22684740.122500002,4762.85,4762.85,22684740.122500002,4762.85,4762.85
Indiana,2018-01,0.0,0.0,0.0,0.0,0.0,0.0,0.0,0.0,0.0,0.0,0.0,0.0,0.0
Indiana,2018-02,0.0,0.0,0.0,0.0,0.0,0.0,0.0,0.0,0.0,0.0,0.0,0.0,0.0
Indiana,2018-03,0.0,0.0,0.0,367.49,135048.9001,367.49,367.49,135048.9001,367.49,367.49,135048.9001,367.49,367.49
Indiana,2018-04,0.0,0.0,0.0,155.34,24130.515600000002,155.34,155.34,24130.515600000002,155.34,155.34,24130.515600000002,155.34,155.34
Indiana,2018-05,0.0,0.0,0.0,2751.9700000000003,7573338.880900001,2751.9700000000003,2751.9700000000003,7573338.880900001,2751.9700000000003,2751.9700000000003,7573338.880900001,2751.9700000000003,2751.9700000000003
Indiana,2018-06,0.0,0.0,0.0,0.0,0.0,0.0,0.0,0.0,0.0,0.0,0.0,0.0,0.0
Indiana,2018-07,0.0,0.0,0.0,1337.71,1789468.0441,1337.71,1337.71,1789468.0441,1337.71,1337.71,1789468.0441,1337.71,1337.71
Indiana,2018-08,0.0,0.0,0.0,2877.324,8278993.400976,2877.324,2877.324,8278993.400976,2877.324,2877.324,8278993.400976,2877.324,2877.324
Indiana,2018-09,0.0,0.0,0.0,7.184,51.609856,7.184,7.184,51.609856,7.184,7.184,51.609856,7.184,7.184
Indiana,2018-10,0.0,0.0,0.0,909.12,826499.1744,909.12,909.12,826499.1744,909.12,909.12,826499.1744,909.12,909.12
Indiana,2018-11,0.0,0.0,0.0,3980.31,15842867.6961,3980.31,3980.31,15842867.6961,3980.31,3980.31,15842867.6961,3980.31,3980.31
Indiana,2018-12,0.0,0.0,0.0,856.38,733386.7044,856.38,856.38,733386.7044,856.38,856.38,733386.7044,856.38,856.38
Iowa,2018-01,0.0,0.0,0.0,332.51,110562.9001,332.51,332.51,110562.9001,332.51,332.51,110562.9001,332.51,332.51
Iowa,2018-02,0.0,0.0,0.0,7.71,59.4441,7.71,7.71,59.4441,7.71,7.71,59.4441,7.71,7.71
Iowa,2018-03,0.0,0.0,0.0,0.0,0.0,0.0,0.0,0.0,0.0,0.0,0.0,0.0,0.0
Iowa,2018-04,0.0,0.0,0.0,106.32,11303.942399999998,106.32,106.32,11303.942399999998,106.32,106.32,11303.942399999998,106.32,106.32
Iowa,2018-05,0.0,0.0,0.0,0.0,0.0,0.0,0.0,0.0,0.0,0.0,0.0,0.0,0.0
Iowa,2018-06,0.0,0.0,0.0,0.0,0.0,0.0,0.0,0.0,0.0,0.0,0.0,0.0,0.0
Iowa,2018-07,0.0,0.0,0.0,0.0,0.0,0.0,0.0,0.0,0.0,0.0,0.0,0.0,0.0
Iowa,2018-08,0.0,0.0,0.0,0.0,0.0,0.0,0.0,0.0,0.0,0.0,0.0,0.0,0.0
Iowa,2018-09,0.0,0.0,0.0,0.0,0.0,0.0,0.0,0.0,0.0,0.0,0.0,0.0,0.0
Iowa,2018-10,0.0,0.0,0.0,0.0,0.0,0.0,0.0,0.0,0.0,0.0,0.0,0.0,0.0
Iowa,2018-11,0.0,0.0,0.0,0.0,0.0,0.0,0.0,0.0,0.0,0.0,0.0,0.0,0.0
Iowa,2018-12,0.0,0.0,0.0,57.43,3298.2049,57.43,57.43,3298.2049,57.43,57.43,3298.2049,57.43,57.43
Kansas,2018-01,0.0,0.0,0.0,279.9,78344.00999999998,279.9,279.9,78344.00999999998,279.9,279.9,78344.00999999998,279.9,279.9
Kansas,2018-02,0.0,0.0,0.0,0.0,0.0,0.0,0.0,0.0,0.0,0.0,0.0,0.0,0.0
Kansas,2018-03,0.0,0.0,0.0,0.0,0.0,0.0,0.0,0.0,0.0,0.0,0.0,0.0,0.0
Kansas,2018-04,0.0,0.0,0.0,0.0,0.0,0.0,0.0,0.0,0.0,0.0,0.0,0.0,0.0
Kansas,2018-05,0.0,0.0,0.0,0.0,0.0,0.0,0.0,0.0,0.0,0.0,0.0,0.0,0.0
Kansas,2018-06,0.0,0.0,0.0,0.0,0.0,0.0,0.0,0.0,0.0,0.0,0.0,0.0,0.0
Kansas,2018-07,0.0,0.0,0.0,373.94,139831.1236,373.94,373.94,139831.1236,373.94,373.94,139831.1236,373.94,373.94
Kansas,2018-08,0.0,0.0,0.0,0.0,0.0,0.0,0.0,0.0,0.0,0.0,0.0,0.0,0.0
Kansas,2018-09,0.0,0.0,0.0,0.0,0.0,0.0,0.0,0.0,0.0,0.0,0.0,0.0,0.0
Kansas,2018-10,0.0,0.0,0.0,0.0,0.0,0.0,0.0,0.0,0.0,0.0,0.0,0.0,0.0
Kansas,2018-11,0.0,0.0,0.0,85.6632724719101,7338.196250596711,85.6632724719101,85.6632724719101,7338.196250596711,85.6632724719101,85.6632724719101,7338.196250596711,85.6632724719101,85.6632724719101
Kansas,2018-12,0.0,0.0,0.0,0.0,0.0,0.0,0.0,0.0,0.0,0.0,0.0,0.0,0.0
Kentucky,2018-01,0.0,0.0,0.0,51.45,2647.1025000000004,51.45,51.45,2647.1025000000004,51.45,51.45,2647.1025000000004,51.45,51.45
Kentucky,2018-02,0.0,0.0,0.0,0.0,0.0,0.0,0.0,0.0,0.0,0.0,0.0,0.0,0.0
Kentucky,2018-03,0.0,0.0,0.0,805.73,649200.8329,805.73,805.73,649200.8329,805.73,805.73,649200.8329,805.73,805.73
Kentucky,2018-04,0.0,0.0,0.0,10.9,118.81,10.9,10.9,118.81,10.9,10.9,118.81,10.9,10.9
Kentucky,2018-05,0.0,0.0,0.0,832.5100000000001,693072.9001000002,832.5100000000001,832.5100000000001,693072.9001000002,832.5100000000001,832.5100000000001,693072.9001000002,832.5100000000001,832.5100000000001
Kentucky,2018-06,0.0,0.0,0.0,1244.55,1548904.7025,1244.55,1244.55,1548904.7025,1244.55,1244.55,1548904.7025,1244.55,1244.55
Kentucky,2018-07,0.0,0.0,0.0,0.0,0.0,0.0,0.0,0.0,0.0,0.0,0.0,0.0,0.0
Kentucky,2018-08,0.0,0.0,0.0,214.85000000000002,46160.52250000001,214.85000000000002,214.85000000000002,46160.52250000001,214.85000000000002,214.85000000000002,46160.52250000001,214.85000000000002,214.85000000000002
Kentucky,2018-09,0.0,0.0,0.0,1808.5560000000003,3270874.8051360007,1808.5560000000003,1808.5560000000003,3270874.8051360007,1808.5560000000003,1808.5560000000003,3270874.8051360007,1808.5560000000003,1808.5560000000003
Kentucky,2018-10,0.0,0.0,0.0,678.29,460077.32409999997,678.29,678.29,460077.32409999997,678.29,678.29,460077.32409999997,678.29,678.29
Kentucky,2018-11,0.0,0.0,0.0,5088.32,25891000.422399998,5088.32,5088.32,25891000.422399998,5088.32,5088.32,25891000.422399998,5088.32,5088.32
Kentucky,2018-12,0.0,0.0,0.0,4375.299613194034,19143246.70521586,4375.299613194034,4375.299613194034,19143246.70521586,4375.299613194034,4375.299613194034,19143246.70521586,4375.299613194034,4375.299613194034
Louisiana,2018-01,0.0,0.0,0.0,0.0,0.0,0.0,0.0,0.0,0.0,0.0,0.0,0.0,0.0
Louisiana,2018-02,0.0,0.0,0.0,29.16,850.3056,29.16,29.16,850.3056,29.16,29.16,850.3056,29.16,29.16
Louisiana,2018-03,0.0,0.0,0.0,274.064,75111.07609600002,274.064,274.064,75111.07609600002,274.064,274.064,75111.07609600002,274.064,274.064
Louisiana,2018-04,0.0,0.0,0.0,0.0,0.0,0.0,0.0,0.0,0.0,0.0,0.0,0.0,0.0
Louisiana,2018-05,0.0,0.0,0.0,253.86,64444.899600000004,253.86,253.86,64444.899600000004,253.86,253.86,64444.899600000004,253.86,253.86
Louisiana,2018-06,0.0,0.0,0.0,0.0,0.0,0.0,0.0,0.0,0.0,0.0,0.0,0.0,0.0
Louisiana,2018-07,0.0,0.0,0.0,0.0,0.0,0.0,0.0,0.0,0.0,0.0,0.0,0.0,0.0
Louisiana,2018-08,0.0,0.0,0.0,1298.55,1686232.1024999998,1298.55,1298.55,1686232.1024999998,1298.55,1298.55,1686232.1024999998,1298.55,1298.55
Louisiana,2018-09,0.0,0.0,0.0,0.0,0.0,0.0,0.0,0.0,0.0,0.0,0.0,0.0,0.0
Louisiana,2018-10,0.0,0.0,0.0,1560.49,2435129.0401,1560.49,1560.49,2435129.0401,1560.49,1560.49,2435129.0401,1560.49,1560.49
Louisiana,2018-11,0.0,0.0,0.0,0.0,0.0,0.0,0.0,0.0,0.0,0.0,0.0,0.0,0.0
Louisiana,2018-12,0.0,0.0,0.0,232.88,54233.094399999994,232.88,232.88,54233.094399999994,232.88,232.88,54233.094399999994,232.88,232.88
Maine,2018-01,0.0,0.0,0.0,0.0,0.0,0.0,0.0,0.0,0.0,0.0,0.0,0.0,0.0
Maine,2018-02,0.0,0.0,0.0,0.0,0.0,0.0,0.0,0.0,0.0,0.0,0.0,0.0,0.0
Maine,2018-03,0.0,0.0,0.0,0.0,0.0,0.0,0.0,0.0,0.0,0.0,0.0,0.0,0.0
Maine,2018-04,0.0,0.0,0.0,0.0,0.0,0.0,0.0,0.0,0.0,0.0,0.0,0.0,0.0
Maine,2018-05,0.0,0.0,0.0,0.0,0.0,0.0,0.0,0.0,0.0,0.0,0.0,0.0,0.0
Maine,2018-06,0.0,0.0,0.0,0.0,0.0,0.0,0.0,0.0,0.0,0.0,0.0,0.0,0.0
Maine,2018-07,0.0,0.0,0.0,0.0,0.0,0.0,0.0,0.0,0.0,0.0,0.0,0.0,0.0
Maine,2018-08,0.0,0.0,0.0,0.0,0.0,0.0,0.0,0.0,0.0,0.0,0.0,0.0,0.0
Maine,2018-09,0.0,0.0,0.0,0.0,0.0,0.0,0.0,0.0,0.0,0.0,0.0,0.0,0.0
Maine,2018-10,0.0,0.0,0.0,0.0,0.0,0.0,0.0,0.0,0.0,0.0,0.0,0.0,0.0
Maine,2018-11,0.0,0.0,0.0,0.0,0.0,0.0,0.0,0.0,0.0,0.0,0.0,0.0,0.0
Maine,2018-12,0.0,0.0,0.0,0.0,0.0,0.0,0.0,0.0,0.0,0.0,0.0,0.0,0.0
Maryland,2018-01,0.0,0.0,0.0,0.0,0.0,0.0,0.0,0.0,0.0,0.0,0.0,0.0,0.0
Maryland,2018-02,0.0,0.0,0.0,58.85,3463.3225,58.85,58.85,3463.3225,58.85,58.85,3463.3225,58.85,58.85
Maryland,2018-03,0.0,0.0,0.0,223.38,49898.6244,223.38,223.38,49898.6244,223.38,223.38,49898.6244,223.38,223.38
Maryland,2018-04,0.0,0.0,0.0,908.82,825953.7924,908.82,908.82,825953.7924,908.82,908.82,825953.7924,908.82,908.82
Maryland,2018-05,0.0,0.0,0.0,634.18,402184.27239999996,634.18,634.18,402184.27239999996,634.18,634.18,402184.27239999996,634.18,634.18
Maryland,2018-06,0.0,0.0,0.0,0.0,0.0,0.0,0.0,0.0,0.0,0.0,0.0,0.0,0.0
Maryland,2018-07,0.0,0.0,0.0,89.95,8091.0025000000005,89.95,89.95,8091.0025000000005,89.95,89.95,8091.0025000000005,89.95,89.95
Maryland,2018-08,0.0,0.0,0.0,2411.8,5816779.240000001,2411.8,2411.8,5816779.240000001,2411.8,2411.8,5816779.240000001,2411.8,2411.8
Maryland,2018-09,0.0,0.0,0.0,390.49,152482.4401,390.49,390.49,152482.4401,390.49,390.49,152482.4401,390.49,390.49
Maryland,2018-10,0.0,0.0,0.0,57.64,3322.3696,57.64,57.64,3322.3696,57.64,57.64,3322.3696,57.64,57.64
Maryland,2018-11,0.0,0.0,0.0,4708.98327247191,22174523.46042026,4708.98327247191,4708.98327247191,22174523.46042026,4708.98327247191,4708.98327247191,22174523.46042026,4708.98327247191,4708.98327247191
Maryland,2018-12,0.0,0.0,0.0,0.0,0.0,0.0,0.0,0.0,0.0,0.0,0.0,0.0,0.0
Massachusetts,2018-01,0.0,0.0,0.0,12.7,161.29,12.7,12.7,161.29,12.7,12.7,161.29,12.7,12.7
Massachusetts,2018-02,0.0,0.0,0.0,0.0,0.0,0.0,0.0,0.0,0.0,0.0,0.0,0.0,0.0
Massachusetts,2018-03,0.0,0.0,0.0,90.6,8208.359999999999,90.6,90.6,8208.359999999999,90.6,90.6,8208.359999999999,90.6,90.6
Massachusetts,2018-04,0.0,0.0,0.0,0.0,0.0,0.0,0.0,0.0,0.0,0.0,0.0,0.0,0.0
Massachusetts,2018-05,0.0,0.0,0.0,87.6,7673.759999999999,87.6,87.6,7673.759999999999,87.6,87.6,7673.759999999999,87.6,87.6
Massachusetts,2018-06,0.0,0.0,0.0,0.0,0.0,0.0,0.0,0.0,0.0,0.0,0.0,0.0,0.0
Massachusetts,2018-07,0.0,0.0,0.0,328.53999999999996,107938.53159999997,328.53999999999996,328.53999999999996,107938.53159999997,328.53999999999996,328.53999999999996,107938.53159999997,328.53999999999996,328.53999999999996
Massachusetts,2018-08,0.0,0.0,0.0,1959.324,3838950.5369760003,1959.324,1959.324,3838950.5369760003,1959.324,1959.324,3838950.5369760003,1959.324,1959.324
Massachusetts,2018-09,0.0,0.0,0.0,1926.4,3711016.9600000004,1926.4,1926.4,3711016.9600000004,1926.4,1926.4,3711016.9600000004,1926.4,1926.4
Massachusetts,2018-10,0.0,0.0,0.0,67.9396111111111,4615.790757929011,67.9396111111111,67.9396111111111,4615.790757929011,67.9396111111111,67.9396111111111,4615.790757929011,67.9396111111111,67.9396111111111
Massachusetts,2018-11,0.0,0.0,0.0,281.63,79315.4569,281.63,281.63,79315.4569,281.63,281.63,79315.4569,281.63,281.63
Massachusetts,2018-12,0.0,0.0,0.0,3403.9527232142855,11586894.14187795,3403.9527232142855,3403.9527232142855,11586894.14187795,3403.9527232142855,3403.9527232142855,11586894.14187795,3403.9527232142855,3403.9527232142855
Michigan,2018-01,0.0,0.0,0.0,10455.217723214286,109311577.63981411,10455.217723214286,10455.217723214286,109311577.63981411,10455.217723214286,10455.217723214286,109311577.63981411,10455.217723214286,10455.217723214286
Michigan,2018-02,0.0,0.0,0.0,0.0,0.0,0.0,0.0,0.0,0.0,0.0,0.0,0.0,0.0
Michigan,2018-03,0.0,0.0,0.0,1237.72,1531950.7984,1237.72,1237.72,1531950.7984,1237.72,1237.72,1531950.7984,1237.72,1237.72
Michigan,2018-04,0.0,0.0,0.0,1242.52,1543855.9504,1242.52,1242.52,1543855.9504,1242.52,1242.52,1543855.9504,1242.52,1242.52
Michigan,2018-05,0.0,0.0,0.0,2090.8140000000003,4371503.182596001,2090.8140000000003,2090.8140000000003,4371503.182596001,2090.8140000000003,2090.8140000000003,4371503.182596001,2090.8140000000003,2090.8140000000003
Michigan,2018-06,0.0,0.0,0.0,1184.86,1403893.2195999997,1184.86,1184.86,1403893.2195999997,1184.86,1184.86,1403893.2195999997,1184.86,1184.86
Michigan,2018-07,0.0,0.0,0.0,244.494,59777.316036,244.494,244.494,59777.316036,244.494,244.494,59777.316036,244.494,244.494
Michigan,2018-08,0.0,0.0,0.0,53.72,2885.8384,53.72,53.72,2885.8384,53.72,53.72,2885.8384,53.72,53.72
Michigan,2018-09,0.0,0.0,0.0,4285.43,18364910.284900002,4285.43,4285.43,18364910.284900002,4285.43,4285.43,18364910.284900002,4285.43,4285.43
Michigan,2018-10,0.0,0.0,0.0,417.73,174498.35290000003,417.73,417.73,174498.35290000003,417.73,417.73,174498.35290000003,417.73,417.73
Michigan,2018-11,0.0,0.0,0.0,1024.11,1048801.2920999997,1024.11,1024.11,1048801.2920999997,1024.11,1024.11,1048801.2920999997,1024.11,1024.11
Michigan,2018-12,0.0,0.0,0.0,4145.300540636704,17183516.572202947,4145.300540636704,4145.300540636704,17183516.572202947,4145.300540636704,4145.300540636704,17183516.572202947,4145.300540636704,4145.300540636704
Minnesota,2018-01,0.0,0.0,0.0,0.0,0.0,0.0,0.0,0.0,0.0,0.0,0.0,0.0,0.0
Minnesota,2018-02,0.0,0.0,0.0,90.64,8215.6096,90.64,90.64,8215.6096,90.64,90.64,8215.6096,90.64,90.64
Minnesota,2018-03,0.0,0.0,0.0,417.81384820239674,174568.41174969543,417.81384820239674,417.81384820239674,174568.41174969543,417.81384820239674,417.81384820239674,174568.41174969543,417.81384820239674,417.81384820239674
Minnesota,2018-04,0.0,0.0,0.0,0.0,0.0,0.0,0.0,0.0,0.0,0.0,0.0,0.0,0.0
Minnesota,2018-05,0.0,0.0,0.0,0.0,0.0,0.0,0.0,0.0,0.0,0.0,0.0,0.0,0.0
Minnesota,2018-06,0.0,0.0,0.0,530.01,280910.6001,530.01,530.01,280910.6001,530.01,530.01,280910.6001,530.01,530.01
Minnesota,2018-07,0.0,0.0,0.0,735.98,541666.5604000001,735.98,735.98,541666.5604000001,735.98,735.98,541666.5604000001,735.98,735.98
Minnesota,2018-08,0.0,0.0,0.0,151.48000000000002,22946.190400000007,151.48000000000002,151.48000000000002,22946.190400000007,151.48000000000002,151.48000000000002,22946.190400000007,151.48000000000002,151.48000000000002
Minnesota,2018-09,0.0,0.0,0.0,1545.2444981684982,2387780.559120014,1545.2444981684982,1545.2444981684982,2387780.559120014,1545.2444981684982,1545.2444981684982,2387780.559120014,1545.2444981684982,1545.2444981684982
Minnesota,2018-10,0.0,0.0,0.0,1820.13,3312873.2169000003,1820.13,1820.13,3312873.2169000003,1820.13,1820.13,3312873.2169000003,1820.13,1820.13
Minnesota,2018-11,0.0,0.0,0.0,101.06,10213.1236,101.06,101.06,10213.1236,101.06,101.06,10213.1236,101.06,101.06
Minnesota,2018-12,0.0,0.0,0.0,1190.23,1416647.4529000001,1190.23,1190.23,1416647.4529000001,1190.23,1190.23,1416647.4529000001,1190.23,1190.23
Mississippi,2018-01,0.0,0.0,0.0,0.0,0.0,0.0,0.0,0.0,0.0,0.0,0.0,0.0,0.0
Mississippi,2018-02,0.0,0.0,0.0,0.0,0.0,0.0,0.0,0.0,0.0,0.0,0.0,0.0,0.0
Mississippi,2018-03,0.0,0.0,0.0,839.25,704340.5625,839.25,839.25,704340.5625,839.25,839.25,704340.5625,839.25,839.25
Mississippi,2018-04,0.0,0.0,0.0,0.0,0.0,0.0,0.0,0.0,0.0,0.0,0.0,0.0,0.0
Mississippi,2018-05,0.0,0.0,0.0,48.69,2370.7160999999996,48.69,48.69,2370.7160999999996,48.69,48.69,2370.7160999999996,48.69,48.69
Mississippi,2018-06,0.0,0.0,0.0,0.0,0.0,0.0,0.0,0.0,0.0,0.0,0.0,0.0,0.0
Mississippi,2018-07,0.0,0.0,0.0,0.0,0.0,0.0,0.0,0.0,0.0,0.0,0.0,0.0,0.0
Mississippi,2018-08,0.0,0.0,0.0,866.4,750648.96,866.4,866.4,750648.96,866.4,866.4,750648.96,866.4,866.4
Mississippi,2018-09,0.0,0.0,0.0,0.0,0.0,0.0,0.0,0.0,0.0,0.0,0.0,0.0,0.0
Mississippi,2018-10,0.0,0.0,0.0,11.68,136.42239999999998,11.68,11.68,136.42239999999998,11.68,11.68,136.42239999999998,11.68,11.68
Mississippi,2018-11,0.0,0.0,0.0,173.8,30206.440000000002,173.8,173.8,30206.440000000002,173.8,173.8,30206.440000000002,173.8,173.8
Mississippi,2018-12,0.0,0.0,0.0,1660.7927232142856,2758232.4694815227,1660.7927232142856,1660.7927232142856,2758232.4694815227,1660.7927232142856,1660.7927232142856,2758232.4694815227,1660.7927232142856,1660.7927232142856
Missouri,2018-01,0.0,0.0,0.0,4619.33,21338209.6489,4619.33,4619.33,21338209.6489,4619.33,4619.33,21338209.6489,4619.33,4619.33
Missouri,2018-02,0.0,0.0,0.0,0.0,0.0,0.0,0.0,0.0,0.0,0.0,0.0,0.0,0.0
Missouri,2018-03,0.0,0.0,0.0,0.0,0.0,0.0,0.0,0.0,0.0,0.0,0.0,0.0,0.0
Missouri,2018-04,0.0,0.0,0.0,131.36,17255.449600000004,131.36,131.36,17255.449600000004,131.36,131.36,17255.449600000004,131.36,131.36
Missouri,2018-05,0.0,0.0,0.0,865.0,748225.0,865.0,865.0,748225.0,865.0,865.0,748225.0,865.0,865.0
Missouri,2018-06,0.0,0.0,0.0,0.0,0.0,0.0,0.0,0.0,0.0,0.0,0.0,0.0,0.0
Missouri,2018-07,0.0,0.0,0.0,0.0,0.0,0.0,0.0,0.0,0.0,0.0,0.0,0.0,0.0
Missouri,2018-08,0.0,0.0,0.0,0.0,0.0,0.0,0.0,0.0,0.0,0.0,0.0,0.0,0.0
Missouri,2018-09,0.0,0.0,0.0,2732.9172866226713,7468836.895521024,2732.9172866226713,2732.9172866226713,7468836.895521024,2732.9172866226713,2732.9172866226713,7468836.895521024,2732.9172866226713,2732.9172866226713
Missouri,2018-10,0.0,0.0,0.0,0.0,0.0,0.0,0.0,0.0,0.0,0.0,0.0,0.0,0.0
Missouri,2018-11,0.0,0.0,0.0,260.0,67600.0,260.0,260.0,67600.0,260.0,260.0,67600.0,260.0,260.0
Missouri,2018-12,0.0,0.0,0.0,839.43,704642.7248999999,839.43,839.43,704642.7248999999,839.43,839.43,704642.7248999999,839.43,839.43
Montana,2018-01,0.0,0.0,0.0,4137.93,17122464.6849,4137.93,4137.93,17122464.6849,4137.93,4137.93,17122464.6849,4137.93,4137.93
Montana,2018-02,0.0,0.0,0.0,0.0,0.0,0.0,0.0,0.0,0.0,0.0,0.0,0.0,0.0
Montana,2018-03,0.0,0.0,0.0,0.0,0.0,0.0,0.0,0.0,0.0,0.0,0.0,0.0,0.0
Montana,2018-04,0.0,0.0,0.0,0.0,0.0,0.0,0.0,0.0,0.0,0.0,0.0,0.0,0.0
Montana,2018-05,0.0,0.0,0.0,0.0,0.0,0.0,0.0,0.0,0.0,0.0,0.0,0.0,0.0
Montana,2018-06,0.0,0.0,0.0,0.0,0.0,0.0,0.0,0.0,0.0,0.0,0.0,0.0,0.0
Montana,2018-07,0.0,0.0,0.0,0.0,0.0,0.0,0.0,0.0,0.0,0.0,0.0,0.0,0.0
Montana,2018-08,0.0,0.0,0.0,0.0,0.0,0.0,0.0,0.0,0.0,0.0,0.0,0.0,0.0
Montana,2018-09,0.0,0.0,0.0,39.9,1592.01,39.9,39.9,1592.01,39.9,39.9,1592.01,39.9,39.9
Montana,2018-10,0.0,0.0,0.0,0.0,0.0,0.0,0.0,0.0,0.0,0.0,0.0,0.0,0.0
Montana,2018-11,0.0,0.0,0.0,0.0,0.0,0.0,0.0,0.0,0.0,0.0,0.0,0.0,0.0
Montana,2018-12,0.0,0.0,0.0,0.0,0.0,0.0,0.0,0.0,0.0,0.0,0.0,0.0,0.0
Nebraska,2018-01,0.0,0.0,0.0,0.0,0.0,0.0,0.0,0.0,0.0,0.0,0.0,0.0,0.0
Nebraska,2018-02,0.0,0.0,0.0,0.0,0.0,0.0,0.0,0.0,0.0,0.0,0.0,0.0,0.0
Nebraska,2018-03,0.0,0.0,0.0,69.93,4890.204900000001,69.93,69.93,4890.204900000001,69.93,69.93,4890.204900000001,69.93,69.93
Nebraska,2018-04,0.0,0.0,0.0,0.0,0.0,0.0,0.0,0.0,0.0,0.0,0.0,0.0,0.0
Nebraska,2018-05,0.0,0.0,0.0,23.55,554.6025000000001,23.55,23.55,554.6025000000001,23.55,23.55,554.6025000000001,23.55,23.55
Nebraska,2018-06,0.0,0.0,0.0,73.97,5471.5608999999995,73.97,73.97,5471.5608999999995,73.97,73.97,5471.5608999999995,73.97,73.97
Nebraska,2018-07,0.0,0.0,0.0,0.0,0.0,0.0,0.0,0.0,0.0,0.0,0.0,0.0,0.0
Nebraska,2018-08,0.0,0.0,0.0,0.0,0.0,0.0,0.0,0.0,0.0,0.0,0.0,0.0,0.0
Nebraska,2018-09,0.0,0.0,0.0,15.96,254.72160000000002,15.96,15.96,254.72160000000002,15.96,15.96,254.72160000000002,15.96,15.96
Nebraska,2018-10,0.0,0.0,0.0,322.61400000000003,104079.79299600002,322.61400000000003,322.61400000000003,104079.79299600002,322.61400000000003,322.61400000000003,104079.79299600002,322.61400000000003,322.61400000000003
Nebraska,2018-11,0.0,0.0,0.0,0.0,0.0,0.0,0.0,0.0,0.0,0.0,0.0,0.0,0.0
Nebraska,2018-12,0.0,0.0,0.0,3281.06,10765354.7236,3281.06,3281.06,10765354.7236,3281.06,3281.06,10765354.7236,3281.06,3281.06
Nevada,2018-01,0.0,0.0,0.0,0.0,0.0,0.0,0.0,0.0,0.0,0.0,0.0,0.0,0.0
Nevada,2018-02,0.0,0.0,0.0,0.0,0.0,0.0,0.0,0.0,0.0,0.0,0.0,0.0,0.0
Nevada,2018-03,0.0,0.0,0.0,0.0,0.0,0.0,0.0,0.0,0.0,0.0,0.0,0.0,0.0
Nevada,2018-04,0.0,0.0,0.0,196.45,38592.60249999999,196.45,196.45,38592.60249999999,196.45,196.45,38592.60249999999,196.45,196.45
Nevada,2018-05,0.0,0.0,0.0,1196.316,1431171.9718560001,1196.316,1196.316,1431171.9718560001,1196.316,1196.316,1431171.9718560001,1196.316,1196.316
Nevada,2018-06,0.0,0.0,0.0,0.0,0.0,0.0,0.0,0.0,0.0,0.0,0.0,0.0,0.0
Nevada,2018-07,0.0,0.0,0.0,75.792,5744.427264,75.792,75.792,5744.427264,75.792,75.792,5744.427264,75.792,75.792
Nevada,2018-08,0.0,0.0,0.0,0.0,0.0,0.0,0.0,0.0,0.0,0.0,0.0,0.0,0.0
Nevada,2018-09,0.0,0.0,0.0,0.0,0.0,0.0,0.0,0.0,0.0,0.0,0.0,0.0,0.0
Nevada,2018-10,0.0,0.0,0.0,0.0,0.0,0.0,0.0,0.0,0.0,0.0,0.0,0.0,0.0
Nevada,2018-11,0.0,0.0,0.0,0.0,0.0,0.0,0.0,0.0,0.0,0.0,0.0,0.0,0.0
Nevada,2018-12,0.0,0.0,0.0,0.0,0.0,0.0,0.0,0.0,0.0,0.0,0.0,0.0,0.0
New Hampshire,2018-01,0.0,0.0,0.0,0.0,0.0,0.0,0.0,0.0,0.0,0.0,0.0,0.0,0.0
New Hampshire,2018-02,0.0,0.0,0.0,0.0,0.0,0.0,0.0,0.0,0.0,0.0,0.0,0.0,0.0
New Hampshire,2018-03,0.0,0.0,0.0,0.0,0.0,0.0,0.0,0.0,0.0,0.0,0.0,0.0,0.0
New Hampshire,2018-04,0.0,0.0,0.0,0.0,0.0,0.0,0.0,0.0,0.0,0.0,0.0,0.0,0.0
New Hampshire,2018-05,0.0,0.0,0.0,0.0,0.0,0.0,0.0,0.0,0.0,0.0,0.0,0.0,0.0
New Hampshire,2018-06,0.0,0.0,0.0,0.0,0.0,0.0,0.0,0.0,0.0,0.0,0.0,0.0,0.0
New Hampshire,2018-07,0.0,0.0,0.0,102.3,10465.289999999999,102.3,102.3,10465.289999999999,102.3,102.3,10465.289999999999,102.3,102.3
New Hampshire,2018-08,0.0,0.0,0.0,607.3322219451372,368852.42781281745,607.3322219451372,607.3322219451372,368852.42781281745,607.3322219451372,607.3322219451372,368852.42781281745,607.3322219451372,607.3322219451372
New Hampshire,2018-09,0.0,0.0,0.0,82.22,6760.1284,82.22,82.22,6760.1284,82.22,82.22,6760.1284,82.22,82.22
New Hampshire,2018-10,0.0,0.0,0.0,0.0,0.0,0.0,0.0,0.0,0.0,0.0,0.0,0.0,0.0
New Hampshire,2018-11,0.0,0.0,0.0,0.0,0.0,0.0,0.0,0.0,0.0,0.0,0.0,0.0,0.0
New Hampshire,2018-12,0.0,0.0,0.0,0.0,0.0,0.0,0.0,0.0,0.0,0.0,0.0,0.0,0.0
New Jersey,2018-01,0.0,0.0,0.0,0.0,0.0,0.0,0.0,0.0,0.0,0.0,0.0,0.0,0.0
New Jersey,2018-02,0.0,0.0,0.0,166.45,27705.602499999997,166.45,166.45,27705.602499999997,166.45,166.45,27705.602499999997,166.45,166.45
New Jersey,2018-03,0.0,0.0,0.0,0.0,0.0,0.0,0.0,0.0,0.0,0.0,0.0,0.0,0.0
New Jersey,2018-04,0.0,0.0,0.0,2727.64,7440019.9695999995,2727.64,2727.64,7440019.9695999995,2727.64,2727.64,7440019.9695999995,2727.64,2727.64
New Jersey,2018-05,0.0,0.0,0.0,195.94,38392.4836,195.94,195.94,38392.4836,195.94,195.94,38392.4836,195.94,195.94
New Jersey,2018-06,0.0,0.0,0.0,249.79,62395.0441,249.79,249.79,62395.0441,249.79,249.79,62395.0441,249.79,249.79
New Jersey,2018-07,0.0,0.0,0.0,6.48,41.99040000000001,6.48,6.48,41.99040000000001,6.48,6.48,41.99040000000001,6.48,6.48
New Jersey,2018-08,0.0,0.0,0.0,97.84,9572.6656,97.84,97.84,9572.6656,97.84,97.84,9572.6656,97.84,97.84
New Jersey,2018-09,0.0,0.0,0.0,1623.26,2634973.0276,1623.26,1623.26,2634973.0276,1623.26,1623.26,2634973.0276,1623.26,1623.26
New Jersey,2018-10,0.0,0.0,0.0,2408.46,5800679.5716,2408.46,2408.46,5800679.5716,2408.46,2408.46,5800679.5716,2408.46,2408.46
New Jersey,2018-11,0.0,0.0,0.0,46.26,2139.9876,46.26,46.26,2139.9876,46.26,46.26,2139.9876,46.26,46.26
New Jersey,2018-12,0.0,0.0,0.0,1054.4,1111759.36,1054.4,1054.4,1111759.36,1054.4,1054.4,1111759.36,1054.4,1054.4
New Mexico,2018-01,0.0,0.0,0.0,0.0,0.0,0.0,0.0,0.0,0.0,0.0,0.0,0.0,0.0
New Mexico,2018-02,0.0,0.0,0.0,0.0,0.0,0.0,0.0,0.0,0.0,0.0,0.0,0.0,0.0
New Mexico,2018-03,0.0,0.0,0.0,550.086167076167,302594.79120854876,550.086167076167,550.086167076167,302594.79120854876,550.086167076167,550.086167076167,302594.79120854876,550.086167076167,550.086167076167
New Mexico,2018-04,0.0,0.0,0.0,0.0,0.0,0.0,0.0,0.0,0.0,0.0,0.0,0.0,0.0
New Mexico,2018-05,0.0,0.0,0.0,0.0,0.0,0.0,0.0,0.0,0.0,0.0,0.0,0.0,0.0
New Mexico,2018-06,0.0,0.0,0.0,439.8121538461538,193434.73067079287,439.8121538461538,439.8121538461538,193434.73067079287,439.8121538461538,439.8121538461538,193434.73067079287,439.8121538461538,439.8121538461538
New Mexico,2018-07,0.0,0.0,0.0,545.85,297952.22250000003,545.85,545.85,297952.22250000003,545.85,545.85,297952.22250000003,545.85,545.85
New Mexico,2018-08,0.0,0.0,0.0,0.0,0.0,0.0,0.0,0.0,0.0,0.0,0.0,0.0,0.0
New Mexico,2018-09,0.0,0.0,0.0,138.6,19209.96,138.6,138.6,19209.96,138.6,138.6,19209.96,138.6,138.6
New Mexico,2018-10,0.0,0.0,0.0,730.488,533612.718144,730.488,730.488,533612.718144,730.488,730.488,533612.718144,730.488,730.488
New Mexico,2018-11,0.0,0.0,0.0,201.36,40545.84960000001,201.36,201.36,40545.84960000001,201.36,201.36,40545.84960000001,201.36,201.36
New Mexico,2018-12,0.0,0.0,0.0,249.51,62255.240099999995,249.51,249.51,62255.240099999995,249.51,249.51,62255.240099999995,249.51,249.51
New York,2018-01,0.0,0.0,0.0,1118.7060000000001,1251503.1144360004,1118.7060000000001,1118.7060000000001,1251503.1144360004,1118.7060000000001,1118.7060000000001,1251503.1144360004,1118.7060000000001,1118.7060000000001
New York,2018-02,0.0,0.0,0.0,623.734,389044.10275600007,623.734,623.734,389044.10275600007,623.734,623.734,389044.10275600007,623.734,623.734
New York,2018-03,0.0,0.0,0.0,3925.102167076167,15406427.021986023,3925.102167076167,3925.102167076167,15406427.021986023,3925.102167076167,3925.102167076167,15406427.021986023,3925.102167076167,3925.102167076167
New York,2018-04,0.0,0.0,0.0,1959.392,3839217.009664,1959.392,1959.392,3839217.009664,1959.392,1959.392,3839217.009664,1959.392,1959.392
New York,2018-05,0.0,0.0,0.0,3237.67,10482507.028900001,3237.67,3237.67,10482507.028900001,3237.67,3237.67,10482507.028900001,3237.67,3237.67
New York,2018-06,0.0,0.0,0.0,9955.558968736454,99113154.37998883,9955.558968736454,9955.558968736454,99113154.37998883,9955.558968736454,9955.558968736454,99113154.37998883,9955.558968736454,9955.558968736454
New York,2018-07,0.0,0.0,0.0,2479.804750293083,6149431.59957614,2479.804750293083,2479.804750293083,6149431.59957614,2479.804750293083,2479.804750293083,6149431.59957614,2479.804750293083,2479.804750293083
New York,2018-08,0.0,0.0,0.0,6669.652,44484257.801104,6669.652,6669.652,44484257.801104,6669.652,6669.652,44484257.801104,6669.652,6669.652
New York,2018-09,0.0,0.0,0.0,9886.595766333292,97744775.84687938,9886.595766333292,9886.595766333292,97744775.84687938,9886.595766333292,9886.595766333292,97744775.84687938,9886.595766333292,9886.595766333292
New York,2018-10,0.0,0.0,0.0,25247.092121680027,637415660.6005977,25247.092121680027,25247.092121680027,637415660.6005977,25247.092121680027,25247.092121680027,637415660.6005977,25247.092121680027,25247.092121680027
New York,2018-11,0.0,0.0,0.0,17811.085848202398,317234779.0920357,17811.085848202398,17811.085848202398,317234779.0920357,17811.085848202398,17811.085848202398,317234779.0920357,17811.085848202398,17811.085848202398
New York,2018-12,0.0,0.0,0.0,6830.097901442308,46650237.343286626,6830.097901442308,6830.097901442308,46650237.343286626,6830.097901442308,6830.097901442308,46650237.343286626,6830.097901442308,6830.097901442308
North Carolina,2018-01,0.0,0.0,0.0,1153.87,1331415.9768999997,1153.87,1153.87,1331415.9768999997,1153.87,1153.87,1331415.9768999997,1153.87,1153.87
North Carolina,2018-02,0.0,0.0,0.0,428.70399999999995,183787.11961599995,428.70399999999995,428.70399999999995,183787.11961599995,428.70399999999995,428.70399999999995,183787.11961599995,428.70399999999995,428.70399999999995
North Carolina,2018-03,0.0,0.0,0.0,13.092,171.40046400000003,13.092,13.092,171.40046400000003,13.092,13.092,171.40046400000003,13.092,13.092
North Carolina,2018-04,0.0,0.0,0.0,320.4774395480772,102705.78925929147,320.4774395480772,320.4774395480772,102705.78925929147,320.4774395480772,320.4774395480772,102705.78925929147,320.4774395480772,320.4774395480772
North Carolina,2018-05,0.0,0.0,0.0,1102.1209999999999,1214670.6986409996,1102.1209999999999,1102.1209999999999,1214670.6986409996,1102.1209999999999,1102.1209999999999,1214670.6986409996,1102.1209999999999,1102.1209999999999
North Carolina,2018-06,0.0,0.0,0.0,1059.185268164794,1121873.4322973266,1059.185268164794,1059.185268164794,1121873.4322973266,1059.185268164794,1059.185268164794,1121873.4322973266,1059.185268164794,1059.185268164794
North Carolina,2018-07,0.0,0.0,0.0,134.362,18053.147043999998,134.362,134.362,18053.147043999998,134.362,134.362,18053.147043999998,134.362,134.362
North Carolina,2018-08,0.0,0.0,0.0,809.616,655478.067456,809.616,809.616,655478.067456,809.616,809.616,655478.067456,809.616,809.616
North Carolina,2018-09,0.0,0.0,0.0,1145.856,1312985.972736,1145.856,1145.856,1312985.972736,1145.856,1145.856,1312985.972736,1145.856,1145.856
North Carolina,2018-10,0.0,0.0,0.0,3269.973848202397,10692728.967927594,3269.973848202397,3269.973848202397,10692728.967927594,3269.973848202397,3269.973848202397,10692728.967927594,3269.973848202397,3269.973848202397
North Carolina,2018-11,0.0,0.0,0.0,12700.758750293084,161309272.83314633,12700.758750293084,12700.758750293084,161309272.83314633,12700.758750293084,12700.758750293084,161309272.83314633,12700.758750293084,12700.758750293084
North Carolina,2018-12,0.0,0.0,0.0,143.894,20705.483236,143.894,143.894,20705.483236,143.894,143.894,20705.483236,143.894,143.894
North Dakota,2018-01,0.0,0.0,0.0,0.0,0.0,0.0,0.0,0.0,0.0,0.0,0.0,0.0,0.0
North Dakota,2018-02,0.0,0.0,0.0,0.0,0.0,0.0,0.0,0.0,0.0,0.0,0.0,0.0,0.0
North Dakota,2018-03,0.0,0.0,0.0,0.0,0.0,0.0,0.0,0.0,0.0,0.0,0.0,0.0,0.0
North Dakota,2018-04,0.0,0.0,0.0,0.0,0.0,0.0,0.0,0.0,0.0,0.0,0.0,0.0,0.0
North Dakota,2018-05,0.0,0.0,0.0,891.53,794825.7409,891.53,891.53,794825.7409,891.53,891.53,794825.7409,891.53,891.53
North Dakota,2018-06,0.0,0.0,0.0,0.0,0.0,0.0,0.0,0.0,0.0,0.0,0.0,0.0,0.0
North Dakota,2018-07,0.0,0.0,0.0,0.0,0.0,0.0,0.0,0.0,0.0,0.0,0.0,0.0,0.0
North Dakota,2018-08,0.0,0.0,0.0,0.0,0.0,0.0,0.0,0.0,0.0,0.0,0.0,0.0,0.0
North Dakota,2018-09,0.0,0.0,0.0,0.0,0.0,0.0,0.0,0.0,0.0,0.0,0.0,0.0,0.0
North Dakota,2018-10,0.0,0.0,0.0,0.0,0.0,0.0,0.0,0.0,0.0,0.0,0.0,0.0,0.0
North Dakota,2018-11,0.0,0.0,0.0,0.0,0.0,0.0,0.0,0.0,0.0,0.0,0.0,0.0,0.0
North Dakota,2018-12,0.0,0.0,0.0,28.38,805.4244,28.38,28.38,805.4244,28.38,28.38,805.4244,28.38,28.38
Ohio,2018-01,0.0,0.0,0.0,242.87,58985.8369,242.87,242.87,58985.8369,242.87,242.87,58985.8369,242.87,242.87
Ohio,2018-02,0.0,0.0,0.0,1102.7467502930833,1216050.3952819558,1102.7467502930833,1102.7467502930833,1216050.3952819558,1102.7467502930833,1102.7467502930833,1216050.3952819558,1102.7467502930833,1102.7467502930833
Ohio,2018-03,0.0,0.0,0.0,779.009,606855.022081,779.009,779.009,606855.022081,779.009,779.009,606855.022081,779.009,779.009
Ohio,2018-04,0.0,0.0,0.0,1251.7399999999998,1566853.0275999994,1251.7399999999998,1251.7399999999998,1566853.0275999994,1251.7399999999998,1251.7399999999998,1566853.0275999994,1251.7399999999998,1251.7399999999998
Ohio,2018-05,0.0,0.0,0.0,797.9304593135079,636693.0179002656,797.9304593135079,797.9304593135079,636693.0179002656,797.9304593135079,797.9304593135079,636693.0179002656,797.9304593135079,797.9304593135079
Ohio,2018-06,0.0,0.0,0.0,1826.6200000000001,3336540.6244000006,1826.6200000000001,1826.6200000000001,3336540.6244000006,1826.6200000000001,1826.6200000000001,3336540.6244000006,1826.6200000000001,1826.6200000000001
Ohio,2018-07,0.0,0.0,0.0,2876.414,8273757.499396001,2876.414,2876.414,8273757.499396001,2876.414,2876.414,8273757.499396001,2876.414,2876.414
Ohio,2018-08,0.0,0.0,0.0,283.9299014423077,80616.18893303857,283.9299014423077,283.9299014423077,80616.18893303857,283.9299014423077,283.9299014423077,80616.18893303857,283.9299014423077,283.9299014423077
Ohio,2018-09,0.0,0.0,0.0,3116.193924207301,9710664.573266497,3116.193924207301,3116.193924207301,9710664.573266497,3116.193924207301,3116.193924207301,9710664.573266497,3116.193924207301,3116.193924207301
Ohio,2018-10,0.0,0.0,0.0,1167.508,1363074.9300640002,1167.508,1167.508,1363074.9300640002,1167.508,1167.508,1363074.9300640002,1167.508,1167.508
Ohio,2018-11,0.0,0.0,0.0,4523.492,20461979.874064002,4523.492,4523.492,20461979.874064002,4523.492,4523.492,20461979.874064002,4523.492,4523.492
Ohio,2018-12,0.0,0.0,0.0,1998.7458482023967,3994984.965706318,1998.7458482023967,1998.7458482023967,3994984.965706318,1998.7458482023967,1998.7458482023967,3994984.965706318,1998.7458482023967,1998.7458482023967
Oklahoma,2018-01,0.0,0.0,0.0,0.0,0.0,0.0,0.0,0.0,0.0,0.0,0.0,0.0,0.0
Oklahoma,2018-02,0.0,0.0,0.0,19.669999999999998,386.9088999999999,19.669999999999998,19.669999999999998,386.9088999999999,19.669999999999998,19.669999999999998,386.9088999999999,19.669999999999998,19.669999999999998
Oklahoma,2018-03,0.0,0.0,0.0,2131.7400000000002,4544315.427600001,2131.7400000000002,2131.7400000000002,4544315.427600001,2131.7400000000002,2131.7400000000002,4544315.427600001,2131.7400000000002,2131.7400000000002
Oklahoma,2018-04,0.0,0.0,0.0,0.0,0.0,0.0,0.0,0.0,0.0,0.0,0.0,0.0,0.0
Oklahoma,2018-05,0.0,0.0,0.0,477.3,227815.29,477.3,477.3,227815.29,477.3,477.3,227815.29,477.3,477.3
Oklahoma,2018-06,0.0,0.0,0.0,0.0,0.0,0.0,0.0,0.0,0.0,0.0,0.0,0.0,0.0
Oklahoma,2018-07,0.0,0.0,0.0,935.74,875609.3476,935.74,935.74,875609.3476,935.74,935.74,875609.3476,935.74,935.74
Oklahoma,2018-08,0.0,0.0,0.0,0.0,0.0,0.0,0.0,0.0,0.0,0.0,0.0,0.0,0.0
Oklahoma,2018-09,0.0,0.0,0.0,291.96,85240.64159999999,291.96,291.96,85240.64159999999,291.96,291.96,85240.64159999999,291.96,291.96
Oklahoma,2018-10,0.0,0.0,0.0,2320.54,5384905.8916,2320.54,2320.54,5384905.8916,2320.54,2320.54,5384905.8916,2320.54,2320.54
Oklahoma,2018-11,0.0,0.0,0.0,38.16,1456.1855999999998,38.16,38.16,1456.1855999999998,38.16,38.16,1456.1855999999998,38.16,38.16
Oklahoma,2018-12,0.0,0.0,0.0,10.8,116.64000000000001,10.8,10.8,116.64000000000001,10.8,10.8,116.64000000000001,10.8,10.8
Oregon,2018-01,0.0,0.0,0.0,0.0,0.0,0.0,0.0,0.0,0.0,0.0,0.0,0.0,0.0
Oregon,2018-02,0.0,0.0,0.0,0.0,0.0,0.0,0.0,0.0,0.0,0.0,0.0,0.0,0.0
Oregon,2018-03,0.0,0.0,0.0,0.0,0.0,0.0,0.0,0.0,0.0,0.0,0.0,0.0,0.0
Oregon,2018-04,0.0,0.0,0.0,0.0,0.0,0.0,0.0,0.0,0.0,0.0,0.0,0.0,0.0
Oregon,2018-05,0.0,0.0,0.0,550.448,302993.000704,550.448,550.448,302993.000704,550.448,550.448,302993.000704,550.448,550.448
Oregon,2018-06,0.0,0.0,0.0,87.688,7689.185344,87.688,87.688,7689.185344,87.688,87.688,7689.185344,87.688,87.688
Oregon,2018-07,0.0,0.0,0.0,170.097268164794,28933.080637125844,170.097268164794,170.097268164794,28933.080637125844,170.097268164794,170.097268164794,28933.080637125844,170.097268164794,170.097268164794
Oregon,2018-08,0.0,0.0,0.0,6.208,38.539264,6.208,6.208,38.539264,6.208,6.208,38.539264,6.208,6.208
Oregon,2018-09,0.0,0.0,0.0,1893.5962219451371,3585706.651764897,1893.5962219451371,1893.5962219451371,3585706.651764897,1893.5962219451371,1893.5962219451371,3585706.651764897,1893.5962219451371,1893.5962219451371
Oregon,2018-10,0.0,0.0,0.0,849.3803450292398,721446.9705219906,849.3803450292398,849.3803450292398,721446.9705219906,849.3803450292398,849.3803450292398,721446.9705219906,849.3803450292398,849.3803450292398
Oregon,2018-11,0.0,0.0,0.0,29.448000000000004,867.1847040000002,29.448000000000004,29.448000000000004,867.1847040000002,29.448000000000004,29.448000000000004,867.1847040000002,29.448000000000004,29.448000000000004
Oregon,2018-12,0.0,0.0,0.0,0.0,0.0,0.0,0.0,0.0,0.0,0.0,0.0,0.0,0.0
Pennsylvania,2018-01,0.0,0.0,0.0,3178.738,10104375.272643998,3178.738,3178.738,10104375.272643998,3178.738,3178.738,10104375.272643998,3178.738,3178.738
Pennsylvania,2018-02,0.0,0.0,0.0,1448.676,2098662.1529759998,1448.676,1448.676,2098662.1529759998,1448.676,1448.676,2098662.1529759998,1448.676,1448.676
Pennsylvania,2018-03,0.0,0.0,0.0,1162.4750000000001,1351348.1256250003,1162.4750000000001,1162.4750000000001,1351348.1256250003,1162.4750000000001,1162.4750000000001,1351348.1256250003,1162.4750000000001,1162.4750000000001
Pennsylvania,2018-04,0.0,0.0,0.0,1916.1100000000001,3671477.5321000004,1916.1100000000001,1916.1100000000001,3671477.5321000004,1916.1100000000001,1916.1100000000001,3671477.5321000004,1916.1100000000001,1916.1100000000001
Pennsylvania,2018-05,0.0,0.0,0.0,1138.6399999999999,1296501.0495999998,1138.6399999999999,1138.6399999999999,1296501.0495999998,1138.6399999999999,1138.6399999999999,1296501.0495999998,1138.6399999999999,1138.6399999999999
Pennsylvania,2018-06,0.0,0.0,0.0,1448.7522681647943,2098883.134512636,1448.7522681647943,1448.7522681647943,2098883.134512636,1448.7522681647943,1448.7522681647943,2098883.134512636,1448.7522681647943,1448.7522681647943
Pennsylvania,2018-07,0.0,0.0,0.0,3493.25,12202795.5625,3493.25,3493.25,12202795.5625,3493.25,3493.25,12202795.5625,3493.25,3493.25
Pennsylvania,2018-08,0.0,0.0,0.0,11069.398,122531572.08240399,11069.398,11069.398,122531572.08240399,11069.398,11069.398,122531572.08240399,11069.398,11069.398
Pennsylvania,2018-09,0.0,0.0,0.0,9278.7458088015,86095123.7843514,9278.7458088015,9278.7458088015,86095123.7843514,9278.7458088015,9278.7458088015,86095123.7843514,9278.7458088015,9278.7458088015
Pennsylvania,2018-10,0.0,0.0,0.0,2161.5424074791813,4672265.579330895,2161.5424074791813,2161.5424074791813,4672265.579330895,2161.5424074791813,2161.5424074791813,4672265.579330895,2161.5424074791813,2161.5424074791813
Pennsylvania,2018-11,0.0,0.0,0.0,6905.9191670761675,47691719.542189986,6905.9191670761675,6905.9191670761675,47691719.542189986,6905.9191670761675,6905.9191670761675,47691719.542189986,6905.9191670761675,6905.9191670761675
Pennsylvania,2018-12,0.0,0.0,0.0,3539.580221945137,12528628.147585185,3539.580221945137,3539.580221945137,12528628.147585185,3539.580221945137,3539.580221945137,12528628.147585185,3539.580221945137,3539.580221945137
Rhode Island,2018-01,0.0,0.0,0.0,0.0,0.0,0.0,0.0,0.0,0.0,0.0,0.0,0.0,0.0
Rhode Island,2018-02,0.0,0.0,0.0,0.0,0.0,0.0,0.0,0.0,0.0,0.0,0.0,0.0,0.0
Rhode Island,2018-03,0.0,0.0,0.0,0.0,0.0,0.0,0.0,0.0,0.0,0.0,0.0,0.0,0.0
Rhode Island,2018-04,0.0,0.0,0.0,217.7190729734813,47401.594736432075,217.7190729734813,217.7190729734813,47401.594736432075,217.7190729734813,217.7190729734813,47401.594736432075,217.7190729734813,217.7190729734813
Rhode Island,2018-05,0.0,0.0,0.0,0.0,0.0,0.0,0.0,0.0,0.0,0.0,0.0,0.0,0.0
Rhode Island,2018-06,0.0,0.0,0.0,0.0,0.0,0.0,0.0,0.0,0.0,0.0,0.0,0.0,0.0
Rhode Island,2018-07,0.0,0.0,0.0,252.0,63504.0,252.0,252.0,63504.0,252.0,252.0,63504.0,252.0,252.0
Rhode Island,2018-08,0.0,0.0,0.0,0.0,0.0,0.0,0.0,0.0,0.0,0.0,0.0,0.0,0.0
Rhode Island,2018-09,0.0,0.0,0.0,203.3590729734813,41354.91256063369,203.3590729734813,203.3590729734813,41354.91256063369,203.3590729734813,203.3590729734813,41354.91256063369,203.3590729734813,203.3590729734813
Rhode Island,2018-10,0.0,0.0,0.0,1642.3287232142857,2697243.635094666,1642.3287232142857,1642.3287232142857,2697243.635094666,1642.3287232142857,1642.3287232142857,2697243.635094666,1642.3287232142857,1642.3287232142857
Rhode Island,2018-11,0.0,0.0,0.0,117.488,13803.430144,117.488,117.488,13803.430144,117.488,117.488,13803.430144,117.488,117.488
Rhode Island,2018-12,0.0,0.0,0.0,1508.88,2276718.8544000005,1508.88,1508.88,2276718.8544000005,1508.88,1508.88,2276718.8544000005,1508.88,1508.88
South Carolina,2018-01,0.0,0.0,0.0,0.0,0.0,0.0,0.0,0.0,0.0,0.0,0.0,0.0,0.0
South Carolina,2018-02,0.0,0.0,0.0,0.0,0.0,0.0,0.0,0.0,0.0,0.0,0.0,0.0,0.0
South Carolina,2018-03,0.0,0.0,0.0,0.0,0.0,0.0,0.0,0.0,0.0,0.0,0.0,0.0,0.0
South Carolina,2018-04,0.0,0.0,0.0,0.0,0.0,0.0,0.0,0.0,0.0,0.0,0.0,0.0,0.0
South Carolina,2018-05,0.0,0.0,0.0,301.96,91179.84159999999,301.96,301.96,91179.84159999999,301.96,301.96,91179.84159999999,301.96,301.96
South Carolina,2018-06,0.0,0.0,0.0,1044.63,1091251.8369000002,1044.63,1044.63,1091251.8369000002,1044.63,1044.63,1091251.8369000002,1044.63,1044.63
South Carolina,2018-07,0.0,0.0,0.0,0.0,0.0,0.0,0.0,0.0,0.0,0.0,0.0,0.0,0.0
South Carolina,2018-08,0.0,0.0,0.0,0.0,0.0,0.0,0.0,0.0,0.0,0.0,0.0,0.0,0.0
South Carolina,2018-09,0.0,0.0,0.0,685.26,469581.26759999996,685.26,685.26,469581.26759999996,685.26,685.26,469581.26759999996,685.26,685.26
South Carolina,2018-10,0.0,0.0,0.0,0.0,0.0,0.0,0.0,0.0,0.0,0.0,0.0,0.0,0.0
South Carolina,2018-11,0.0,0.0,0.0,79.1,6256.8099999999995,79.1,79.1,6256.8099999999995,79.1,79.1,6256.8099999999995,79.1,79.1
South Carolina,2018-12,0.0,0.0,0.0,38.64,1493.0496,38.64,38.64,1493.0496,38.64,38.64,1493.0496,38.64,38.64
South Dakota,2018-01,0.0,0.0,0.0,0.0,0.0,0.0,0.0,0.0,0.0,0.0,0.0,0.0,0.0
South Dakota,2018-02,0.0,0.0,0.0,0.0,0.0,0.0,0.0,0.0,0.0,0.0,0.0,0.0,0.0
South Dakota,2018-03,0.0,0.0,0.0,0.0,0.0,0.0,0.0,0.0,0.0,0.0,0.0,0.0,0.0
South Dakota,2018-04,0.0,0.0,0.0,0.0,0.0,0.0,0.0,0.0,0.0,0.0,0.0,0.0,0.0
South Dakota,2018-05,0.0,0.0,0.0,0.0,0.0,0.0,0.0,0.0,0.0,0.0,0.0,0.0,0.0
South Dakota,2018-06,0.0,0.0,0.0,0.0,0.0,0.0,0.0,0.0,0.0,0.0,0.0,0.0,0.0
South Dakota,2018-07,0.0,0.0,0.0,1127.91,1272180.9681000002,1127.91,1127.91,1272180.9681000002,1127.91,1127.91,1272180.9681000002,1127.91,1127.91
South Dakota,2018-08,0.0,0.0,0.0,0.0,0.0,0.0,0.0,0.0,0.0,0.0,0.0,0.0,0.0
South Dakota,2018-09,0.0,0.0,0.0,0.0,0.0,0.0,0.0,0.0,0.0,0.0,0.0,0.0,0.0
South Dakota,2018-10,0.0,0.0,0.0,0.0,0.0,0.0,0.0,0.0,0.0,0.0,0.0,0.0,0.0
South Dakota,2018-11,0.0,0.0,0.0,25.5,650.25,25.5,25.5,650.25,25.5,25.5,650.25,25.5,25.5
South Dakota,2018-12,0.0,0.0,0.0,0.0,0.0,0.0,0.0,0.0,0.0,0.0,0.0,0.0,0.0
Tennessee,2018-01,0.0,0.0,0.0,175.08599999999998,30655.107395999996,175.08599999999998,175.08599999999998,30655.107395999996,175.08599999999998,175.08599999999998,30655.107395999996,175.08599999999998,175.08599999999998
Tennessee,2018-02,0.0,0.0,0.0,0.0,0.0,0.0,0.0,0.0,0.0,0.0,0.0,0.0,0.0
Tennessee,2018-03,0.0,0.0,0.0,148.568,22072.450624000005,148.568,148.568,22072.450624000005,148.568,148.568,22072.450624000005,148.568,148.568
Tennessee,2018-04,0.0,0.0,0.0,631.5640000000001,398873.0860960001,631.5640000000001,631.5640000000001,398873.0860960001,631.5640000000001,631.5640000000001,398873.0860960001,631.5640000000001,631.5640000000001
Tennessee,2018-05,0.0,0.0,0.0,74.57600000000001,5561.579776000001,74.57600000000001,74.57600000000001,5561.579776000001,74.57600000000001,74.57600000000001,5561.579776000001,74.57600000000001,74.57600000000001
Tennessee,2018-06,0.0,0.0,0.0,2854.696,8149289.252416,2854.696,2854.696,8149289.252416,2854.696,2854.696,8149289.252416,2854.696,2854.696
Tennessee,2018-07,0.0,0.0,0.0,0.0,0.0,0.0,0.0,0.0,0.0,0.0,0.0,0.0,0.0
Tennessee,2018-08,0.0,0.0,0.0,2481.826,6159460.294276,2481.826,2481.826,6159460.294276,2481.826,2481.826,6159460.294276,2481.826,2481.826
Tennessee,2018-09,0.0,0.0,0.0,1244.8063450292398,1549542.8366250547,1244.8063450292398,1244.8063450292398,1549542.8366250547,1244.8063450292398,1244.8063450292398,1549542.8366250547,1244.8063450292398,1244.8063450292398
Tennessee,2018-10,0.0,0.0,0.0,4443.875268164794,19748027.399006717,4443.875268164794,4443.875268164794,19748027.399006717,4443.875268164794,4443.875268164794,19748027.399006717,4443.875268164794,4443.875268164794
Tennessee,2018-11,0.0,0.0,0.0,2229.569268164794,4970979.121544894,2229.569268164794,2229.569268164794,4970979.121544894,2229.569268164794,2229.569268164794,4970979.121544894,2229.569268164794,2229.569268164794
Tennessee,2018-12,0.0,0.0,0.0,2060.588,4246022.905744,2060.588,2060.588,4246022.905744,2060.588,2060.588,4246022.905744,2060.588,2060.588
Texas,2018-01,0.0,0.0,0.0,3640.0280000000002,13249803.840784002,3640.0280000000002,3640.0280000000002,13249803.840784002,3640.0280000000002,3640.0280000000002,13249803.840784002,3640.0280000000002,3640.0280000000002
Texas,2018-02,0.0,0.0,0.0,1392.4824,1939007.2343097604,1392.4824,1392.4824,1939007.2343097604,1392.4824,1392.4824,1939007.2343097604,1392.4824,1392.4824
Texas,2018-03,0.0,0.0,0.0,7665.65739849548,58762303.35110849,7665.65739849548,7665.65739849548,58762303.35110849,7665.65739849548,7665.65739849548,58762303.35110849,7665.65739849548,7665.65739849548
Texas,2018-04,0.0,0.0,0.0,3192.225852525253,10190305.893530577,3192.225852525253,3192.225852525253,10190305.893530577,3192.225852525253,3192.225852525253,10190305.893530577,3192.225852525253,3192.225852525253
Texas,2018-05,0.0,0.0,0.0,3306.9552,10935952.69480704,3306.9552,3306.9552,10935952.69480704,3306.9552,3306.9552,10935952.69480704,3306.9552,3306.9552
Texas,2018-06,0.0,0.0,0.0,3305.4202,10925802.69856804,3305.4202,3305.4202,10925802.69856804,3305.4202,3305.4202,10925802.69856804,3305.4202,3305.4202
Texas,2018-07,0.0,0.0,0.0,1816.446,3299476.070916,1816.446,1816.446,3299476.070916,1816.446,1816.446,3299476.070916,1816.446,1816.446
Texas,2018-08,0.0,0.0,0.0,2803.374018457877,7858905.887364665,2803.374018457877,2803.374018457877,7858905.887364665,2803.374018457877,2803.374018457877,7858905.887364665,2803.374018457877,2803.374018457877
Texas,2018-09,0.0,0.0,0.0,4036.3152724719102,16291840.97878999,4036.3152724719102,4036.3152724719102,16291840.97878999,4036.3152724719102,4036.3152724719102,16291840.97878999,4036.3152724719102,4036.3152724719102
Texas,2018-10,0.0,0.0,0.0,3274.80691736925,10724360.346049491,3274.80691736925,3274.80691736925,10724360.346049491,3274.80691736925,3274.80691736925,10724360.346049491,3274.80691736925,3274.80691736925
Texas,2018-11,0.0,0.0,0.0,7600.624268164794,57769489.26581561,7600.624268164794,7600.624268164794,57769489.26581561,7600.624268164794,7600.624268164794,57769489.26581561,7600.624268164794,7600.624268164794
Texas,2018-12,0.0,0.0,0.0,2683.2988,7200092.45008144,2683.2988,2683.2988,7200092.45008144,2683.2988,2683.2988,7200092.45008144,2683.2988,2683.2988
Utah,2018-01,0.0,0.0,0.0,0.0,0.0,0.0,0.0,0.0,0.0,0.0,0.0,0.0,0.0
Utah,2018-02,0.0,0.0,0.0,899.43,808974.3248999999,899.43,899.43,808974.3248999999,899.43,899.43,808974.3248999999,899.43,899.43
Utah,2018-03,0.0,0.0,0.0,0.0,0.0,0.0,0.0,0.0,0.0,0.0,0.0,0.0,0.0
Utah,2018-04,0.0,0.0,0.0,0.0,0.0,0.0,0.0,0.0,0.0,0.0,0.0,0.0,0.0
Utah,2018-05,0.0,0.0,0.0,0.0,0.0,0.0,0.0,0.0,0.0,0.0,0.0,0.0,0.0
Utah,2018-06,0.0,0.0,0.0,0.0,0.0,0.0,0.0,0.0,0.0,0.0,0.0,0.0,0.0
Utah,2018-07,0.0,0.0,0.0,97.91799999999999,9587.934723999999,97.91799999999999,97.91799999999999,9587.934723999999,97.91799999999999,97.91799999999999,9587.934723999999,97.91799999999999,97.91799999999999
Utah,2018-08,0.0,0.0,0.0,102.72,10551.3984,102.72,102.72,10551.3984,102.72,102.72,10551.3984,102.72,102.72
Utah,2018-09,0.0,0.0,0.0,2202.602536329588,4851457.933045534,2202.602536329588,2202.602536329588,4851457.933045534,2202.602536329588,2202.602536329588,4851457.933045534,2202.602536329588,2202.602536329588
Utah,2018-10,0.0,0.0,0.0,11.68,136.42239999999998,11.68,11.68,136.42239999999998,11.68,11.68,136.42239999999998,11.68,11.68
Utah,2018-11,0.0,0.0,0.0,19.44,377.91360000000003,19.44,19.44,377.91360000000003,19.44,19.44,377.91360000000003,19.44,19.44
Utah,2018-12,0.0,0.0,0.0,0.0,0.0,0.0,0.0,0.0,0.0,0.0,0.0,0.0,0.0
Vermont,2018-01,0.0,0.0,0.0,637.1800000000001,405998.3524000001,637.1800000000001,637.1800000000001,405998.3524000001,637.1800000000001,637.1800000000001,405998.3524000001,637.1800000000001,637.1800000000001
Vermont,2018-02,0.0,0.0,0.0,0.0,0.0,0.0,0.0,0.0,0.0,0.0,0.0,0.0,0.0
Vermont,2018-03,0.0,0.0,0.0,0.0,0.0,0.0,0.0,0.0,0.0,0.0,0.0,0.0,0.0
Vermont,2018-04,0.0,0.0,0.0,0.0,0.0,0.0,0.0,0.0,0.0,0.0,0.0,0.0,0.0
Vermont,2018-05,0.0,0.0,0.0,0.0,0.0,0.0,0.0,0.0,0.0,0.0,0.0,0.0,0.0
Vermont,2018-06,0.0,0.0,0.0,0.0,0.0,0.0,0.0,0.0,0.0,0.0,0.0,0.0,0.0
Vermont,2018-07,0.0,0.0,0.0,0.0,0.0,0.0,0.0,0.0,0.0,0.0,0.0,0.0,0.0
Vermont,2018-08,0.0,0.0,0.0,0.0,0.0,0.0,0.0,0.0,0.0,0.0,0.0,0.0,0.0
Vermont,2018-09,0.0,0.0,0.0,0.0,0.0,0.0,0.0,0.0,0.0,0.0,0.0,0.0,0.0
Vermont,2018-10,0.0,0.0,0.0,0.0,0.0,0.0,0.0,0.0,0.0,0.0,0.0,0.0,0.0
Vermont,2018-11,0.0,0.0,0.0,0.0,0.0,0.0,0.0,0.0,0.0,0.0,0.0,0.0,0.0
Vermont,2018-12,0.0,0.0,0.0,205.03,42037.3009,205.03,205.03,42037.3009,205.03,205.03,42037.3009,205.03,205.03
Virginia,2018-01,0.0,0.0,0.0,0.0,0.0,0.0,0.0,0.0,0.0,0.0,0.0,0.0,0.0
Virginia,2018-02,0.0,0.0,0.0,411.13800000000003,169034.45504400003,411.13800000000003,411.13800000000003,169034.45504400003,411.13800000000003,411.13800000000003,169034.45504400003,411.13800000000003,411.13800000000003
Virginia,2018-03,0.0,0.0,0.0,958.7896111111111,919277.5183745956,958.7896111111111,958.7896111111111,919277.5183745956,958.7896111111111,958.7896111111111,919277.5183745956,958.7896111111111,958.7896111111111
Virginia,2018-04,0.0,0.0,0.0,4.89,23.912099999999995,4.89,4.89,23.912099999999995,4.89,4.89,23.912099999999995,4.89,4.89
Virginia,2018-05,0.0,0.0,0.0,707.6,500697.76,707.6,707.6,500697.76,707.6,707.6,500697.76,707.6,707.6
Virginia,2018-06,0.0,0.0,0.0,263.38,69369.0244,263.38,263.38,69369.0244,263.38,263.38,69369.0244,263.38,263.38
Virginia,2018-07,0.0,0.0,0.0,2201.6838969072164,4847411.981900547,2201.6838969072164,2201.6838969072164,4847411.981900547,2201.6838969072164,2201.6838969072164,4847411.981900547,2201.6838969072164,2201.6838969072164
Virginia,2018-08,0.0,0.0,0.0,0.0,0.0,0.0,0.0,0.0,0.0,0.0,0.0,0.0,0.0
Virginia,2018-09,0.0,0.0,0.0,245.45000000000002,60245.70250000001,245.45000000000002,245.45000000000002,60245.70250000001,245.45000000000002,245.45000000000002,60245.70250000001,245.45000000000002,245.45000000000002
Virginia,2018-10,0.0,0.0,0.0,608.4300000000001,370187.06490000006,608.4300000000001,608.4300000000001,370187.06490000006,608.4300000000001,608.4300000000001,370187.06490000006,608.4300000000001,608.4300000000001
Virginia,2018-11,0.0,0.0,0.0,88.62,7853.504400000001,88.62,88.62,7853.504400000001,88.62,88.62,7853.504400000001,88.62,88.62
Virginia,2018-12,0.0,0.0,0.0,1867.7532724719101,3488502.2868295293,1867.7532724719101,1867.7532724719101,3488502.2868295293,1867.7532724719101,1867.7532724719101,3488502.2868295293,1867.7532724719101,1867.7532724719101
Washington,2018-01,0.0,0.0,0.0,2290.422,5246032.938084,2290.422,2290.422,5246032.938084,2290.422,2290.422,5246032.938084,2290.422,2290.422
Washington,2018-02,0.0,0.0,0.0,2057.612,4233767.142544,2057.612,2057.612,4233767.142544,2057.612,2057.612,4233767.142544,2057.612,2057.612
Washington,2018-03,0.0,0.0,0.0,15523.254345029238,240971425.4604691,15523.254345029238,15523.254345029238,240971425.4604691,15523.254345029238,15523.254345029238,240971425.4604691,15523.254345029238,15523.254345029238
Washington,2018-04,0.0,0.0,0.0,430.73275029308326,185530.7021750436,430.73275029308326,430.73275029308326,185530.7021750436,430.73275029308326,430.73275029308326,185530.7021750436,430.73275029308326,430.73275029308326
Washington,2018-05,0.0,0.0,0.0,3570.4581538461534,12748171.428366482,3570.4581538461534,3570.4581538461534,12748171.428366482,3570.4581538461534,3570.4581538461534,12748171.428366482,3570.4581538461534,3570.4581538461534
Washington,2018-06,0.0,0.0,0.0,4899.259848202397,24002747.06020817,4899.259848202397,4899.259848202397,24002747.06020817,4899.259848202397,4899.259848202397,24002747.06020817,4899.259848202397,4899.259848202397
Washington,2018-07,0.0,0.0,0.0,5227.982252525253,27331798.43271902,5227.982252525253,5227.982252525253,27331798.43271902,5227.982252525253,5227.982252525253,27331798.43271902,5227.982252525253,5227.982252525253
Washington,2018-08,0.0,0.0,0.0,10754.37697223822,115656624.06100771,10754.37697223822,10754.37697223822,115656624.06100771,10754.37697223822,10754.37697223822,115656624.06100771,10754.37697223822,10754.37697223822
Washington,2018-09,0.0,0.0,0.0,4117.633268164794,16954903.73109748,4117.633268164794,4117.633268164794,16954903.73109748,4117.633268164794,4117.633268164794,16954903.73109748,4117.633268164794,4117.633268164794
Washington,2018-10,0.0,0.0,0.0,1761.3600000000001,3102389.0496000005,1761.3600000000001,1761.3600000000001,3102389.0496000005,1761.3600000000001,1761.3600000000001,3102389.0496000005,1761.3600000000001,1761.3600000000001
Washington,2018-11,0.0,0.0,0.0,11696.838,136816019.198244,11696.838,11696.838,136816019.198244,11696.838,11696.838,136816019.198244,11696.838,11696.838
Washington,2018-12,0.0,0.0,0.0,3615.039268164794,13068508.91037345,3615.039268164794,3615.039268164794,13068508.91037345,3615.039268164794,3615.039268164794,13068508.91037345,3615.039268164794,3615.039268164794
West Virginia,2018-01,0.0,0.0,0.0,0.0,0.0,0.0,0.0,0.0,0.0,0.0,0.0,0.0,0.0
West Virginia,2018-02,0.0,0.0,0.0,0.0,0.0,0.0,0.0,0.0,0.0,0.0,0.0,0.0,0.0
West Virginia,2018-03,0.0,0.0,0.0,0.0,0.0,0.0,0.0,0.0,0.0,0.0,0.0,0.0,0.0
West Virginia,2018-04,0.0,0.0,0.0,0.0,0.0,0.0,0.0,0.0,0.0,0.0,0.0,0.0,0.0
West Virginia,2018-05,0.0,0.0,0.0,0.0,0.0,0.0,0.0,0.0,0.0,0.0,0.0,0.0,0.0
West Virginia,2018-06,0.0,0.0,0.0,536.48,287810.7904,536.48,536.48,287810.7904,536.48,536.48,287810.7904,536.48,536.48
West Virginia,2018-07,0.0,0.0,0.0,0.0,0.0,0.0,0.0,0.0,0.0,0.0,0.0,0.0,0.0
West Virginia,2018-08,0.0,0.0,0.0,0.0,0.0,0.0,0.0,0.0,0.0,0.0,0.0,0.0,0.0
West Virginia,2018-09,0.0,0.0,0.0,0.0,0.0,0.0,0.0,0.0,0.0,0.0,0.0,0.0,0.0
West Virginia,2018-10,0.0,0.0,0.0,673.344,453392.14233600005,673.344,673.344,453392.14233600005,673.344,673.344,453392.14233600005,673.344,673.344
West Virginia,2018-11,0.0,0.0,0.0,0.0,0.0,0.0,0.0,0.0,0.0,0.0,0.0,0.0,0.0
West Virginia,2018-12,0.0,0.0,0.0,0.0,0.0,0.0,0.0,0.0,0.0,0.0,0.0,0.0,0.0
Wisconsin,2018-01,0.0,0.0,0.0,3.6,12.96,3.6,3.6,12.96,3.6,3.6,12.96,3.6,3.6
Wisconsin,2018-02,0.0,0.0,0.0,0.0,0.0,0.0,0.0,0.0,0.0,0.0,0.0,0.0,0.0
Wisconsin,2018-03,0.0,0.0,0.0,2011.58,4046454.0963999997,2011.58,2011.58,4046454.0963999997,2011.58,2011.58,4046454.0963999997,2011.58,2011.58
Wisconsin,2018-04,0.0,0.0,0.0,0.0,0.0,0.0,0.0,0.0,0.0,0.0,0.0,0.0,0.0
Wisconsin,2018-05,0.0,0.0,0.0,0.0,0.0,0.0,0.0,0.0,0.0,0.0,0.0,0.0,0.0
Wisconsin,2018-06,0.0,0.0,0.0,0.0,0.0,0.0,0.0,0.0,0.0,0.0,0.0,0.0,0.0
Wisconsin,2018-07,0.0,0.0,0.0,573.35,328730.22250000003,573.35,573.35,328730.22250000003,573.35,573.35,328730.22250000003,573.35,573.35
Wisconsin,2018-08,0.0,0.0,0.0,113.41,12861.828099999999,113.41,113.41,12861.828099999999,113.41,113.41,12861.828099999999,113.41,113.41
Wisconsin,2018-09,0.0,0.0,0.0,312.6101670761671,97725.1165593891,312.6101670761671,312.6101670761671,97725.1165593891,312.6101670761671,312.6101670761671,97725.1165593891,312.6101670761671,312.6101670761671
Wisconsin,2018-10,0.0,0.0,0.0,60.72,3686.9184,60.72,60.72,3686.9184,60.72,60.72,3686.9184,60.72,60.72
Wisconsin,2018-11,0.0,0.0,0.0,442.26275029308323,195596.34029680208,442.26275029308323,442.26275029308323,195596.34029680208,442.26275029308323,442.26275029308323,195596.34029680208,442.26275029308323,442.26275029308323
Wisconsin,2018-12,0.0,0.0,0.0,2020.7703450292397,4083512.7873495924,2020.7703450292397,2020.7703450292397,4083512.7873495924,2020.7703450292397,2020.7703450292397,4083512.7873495924,2020.7703450292397,2020.7703450292397
Wyoming,2018-01,0.0,0.0,0.0,0.0,0.0,0.0,0.0,0.0,0.0,0.0,0.0,0.0,0.0
Wyoming,2018-02,0.0,0.0,0.0,0.0,0.0,0.0,0.0,0.0,0.0,0.0,0.0,0.0,0.0
Wyoming,2018-03,0.0,0.0,0.0,0.0,0.0,0.0,0.0,0.0,0.0,0.0,0.0,0.0,0.0
Wyoming,2018-04,0.0,0.0,0.0,0.0,0.0,0.0,0.0,0.0,0.0,0.0,0.0,0.0,0.0
Wyoming,2018-05,0.0,0.0,0.0,0.0,0.0,0.0,0.0,0.0,0.0,0.0,0.0,0.0,0.0
Wyoming,2018-06,0.0,0.0,0.0,0.0,0.0,0.0,0.0,0.0,0.0,0.0,0.0,0.0,0.0
Wyoming,2018-07,0.0,0.0,0.0,0.0,0.0,0.0,0.0,0.0,0.0,0.0,0.0,0.0,0.0
Wyoming,2018-08,0.0,0.0,0.0,0.0,0.0,0.0,0.0,0.0,0.0,0.0,0.0,0.0,0.0
Wyoming,2018-09,0.0,0.0,0.0,0.0,0.0,0.0,0.0,0.0,0.0,0.0,0.0,0.0,0.0
Wyoming,2018-10,0.0,0.0,0.0,0.0,0.0,0.0,0.0,0.0,0.0,0.0,0.0,0.0,0.0
Wyoming,2018-11,0.0,0.0,0.0,0.0,0.0,0.0,0.0,0.0,0.0,0.0,0.0,0.0,0.0
Wyoming,2018-12,0.0,0.0,0.0,0.0,0.0,0.0,0.0,0.0,0.0,0.0,0.0,0.0,0.0
