State,Year-Month,Sales,lstm_Predicted_Sales,sarima_Sales_Prediction,ensemble,weighted_ensemble
Arizona,2018-01,100.922,1147.5051,141.098888577726,644.3020077654255,443.0207784008926
Arizona,2018-02,1112.0447232142856,2006.4221,2831.1616496011525,2418.7918843708885,2583.7397904629943
Arizona,2018-03,0.0,0.0,0.0,0.0,0.0
Arizona,2018-04,560.896,1655.8533,1131.3314239390243,1393.5923477116996,1288.6880087202076
Arizona,2018-05,1087.9638969072164,1986.2816,1928.6311917454088,1957.456403978173,1945.926355706161
Arizona,2018-06,935.308,2740.204,1243.7319957147479,1991.968048638624,1692.6736762971984
Arizona,2018-07,1298.896,1323.6056,1918.4218291804154,1621.013710000364,1739.9769759829314
Arizona,2018-08,223.576,1170.1406,225.4151849931016,697.7779049965508,508.832835305718
Arizona,2018-09,623.433,1666.0192,684.842698713019,1175.4309318760406,979.1956447143476
Arizona,2018-10,961.104,1299.5828,962.3238533465845,1130.9533085092298,1063.5015447547185
Arizona,2018-11,3192.462,3164.7798,2734.6882550892074,2949.734020122729,2863.7157385233822
Arizona,2018-12,1533.735,2972.7656,2069.7772842360405,2521.2714546180205,2340.6738108792906
Arkansas,2018-01,0.0,0.0,0.0,0.0,0.0
Arkansas,2018-02,0.0,0.0,0.0,0.0,0.0
Arkansas,2018-03,40.41,252.13448,52.74056004432137,152.43751787616458,112.5587347434273
Arkansas,2018-04,0.0,0.0,0.0,0.0,0.0
Arkansas,2018-05,48.9,317.54095,86.68492175562828,202.11293817273602,155.94173618352963
Arkansas,2018-06,117.62,252.13448,156.40597250955693,204.27022410878237,185.1245234690922
Arkansas,2018-07,0.0,0.0,0.0,0.0,0.0
Arkansas,2018-08,0.0,0.0,0.0,0.0,0.0
Arkansas,2018-09,939.82,815.90796,1032.3946039180946,924.1512814512348,967.4486226450099
Arkansas,2018-10,199.17,711.19904,199.42279073964858,455.3109131920899,352.9556794699024
Arkansas,2018-11,4.3,212.83208,3.6834140850802894,108.25774555572374,66.42801449334526
Arkansas,2018-12,1357.42,1622.8981,1831.8399731164031,1727.3690222027328,1769.1574269822634
California,2018-01,5359.775451623932,5321.0874,7493.493581680071,6407.290492011911,6841.771801121362
California,2018-02,8092.773153967561,5067.7065,20603.44203262741,12835.57428779808,15942.721434557934
California,2018-03,12799.436057019635,6405.817,16705.009302120667,11555.413098325958,13615.251628671966
California,2018-04,4049.045241936456,4786.6733,8166.954514122942,6476.813926983346,7152.870235081372
California,2018-05,10228.403072973482,6405.817,18131.867486006835,12268.842190269042,14614.052357392284
California,2018-06,9483.945214550922,4870.03,12611.338841261651,8740.68431320895,10288.94622208628
California,2018-07,13572.831598495479,5793.2646,20046.575262641076,12919.919955539288,15770.582176036252
California,2018-08,14862.582316608517,5842.389,14984.845163942056,10413.617162049153,12242.10841163444
California,2018-09,17185.090015278565,6177.427,18877.864058671148,12527.645408241824,15067.732990483866
California,2018-10,17885.430217950943,6326.5073,17908.13078095606,12117.319052587405,14433.643817177053
California,2018-11,14695.282268164794,6326.5073,12588.095276927634,9457.301300573192,10709.618964357156
California,2018-12,18438.56970771287,6318.821,24882.872683238547,15600.846742009899,19313.65724057167
Colorado,2018-01,337.688,570.09644,472.12105869914524,521.1087471230101,501.51367175346417
Colorado,2018-02,9.432,209.97565,24.012988076462854,116.99431752455955,79.80178650826032
Colorado,2018-03,1332.496,259.666,1739.088970473102,999.377477790262,1295.2620748633979
Colorado,2018-04,2643.6610000000005,1303.599,5332.283994790595,3317.9414969070162,4123.678508267479
Colorado,2018-05,120.783,802.2036,214.11175673640187,508.1576850088259,390.53931675161414
Colorado,2018-06,599.672,842.2825,797.4178060427736,819.8501383729492,810.8772176479102
Colorado,2018-07,0.0,0.0,0.0,0.0,0.0
Colorado,2018-08,1128.672,532.678,1137.9567023139066,835.3173404147658,956.3730973814534
Colorado,2018-09,1138.3878969072166,2275.2732,1250.52193178766,1762.8975625735175,1557.9473224662056
Colorado,2018-10,646.1279999999999,797.8909,646.9480792038341,722.4195046898077,692.2309497542074
Colorado,2018-11,1494.7211670761671,1026.0435,1280.390000017675,1153.2167285244625,1204.0860493287787
Colorado,2018-12,2885.002696264544,2790.3374,3893.3147158329716,3341.826059088361,3562.4215584072986
Connecticut,2018-01,3.52,281.63602,4.921306432627133,143.27866163916514,87.93572108242884
Connecticut,2018-02,976.5822219451371,1490.7606,2486.286816290731,1988.5237182039593,2187.6289818527302
Connecticut,2018-03,823.12,1391.0648,1074.283835280421,1232.6743273081793,1169.3181427041072
Connecticut,2018-04,403.02,1407.9866,812.8943520294414,1110.4404621475333,991.422042514359
Connecticut,2018-05,0.0,0.0,0.0,0.0,0.0
Connecticut,2018-06,705.0300000000001,1419.2877,937.518302996199,1178.4030113613808,1082.0491585328862
Connecticut,2018-07,847.46,1459.9026,1251.6673878102906,1355.7849878504578,1314.1379661449378
Connecticut,2018-08,0.0,0.0,0.0,0.0,0.0
Connecticut,2018-09,178.51999999999998,1105.0643,196.10466333069974,650.5844971926936,468.79258195844295
Connecticut,2018-10,13.05,333.62686,13.066563333596497,173.34671245293106,109.23466043459176
Connecticut,2018-11,127.372,437.59628,109.10786484763875,273.3520739033116,207.65439028104242
Connecticut,2018-12,1563.65,1801.3872,2110.147613828781,1955.7674104300154,2017.5195284106153
Delaware,2018-01,0.0,0.0,0.0,0.0,0.0
Delaware,2018-02,0.0,0.0,0.0,0.0,0.0
Delaware,2018-03,617.6801670761671,1119.898,806.1568408776801,963.0273950482151,900.2791794835167
Delaware,2018-04,0.0,0.0,0.0,0.0,0.0
Delaware,2018-05,299.52,246.14789,530.9584409866213,388.55316458510754,445.51527667159195
Delaware,2018-06,0.0,0.0,0.0,0.0,0.0
Delaware,2018-07,1690.9257502930834,1607.357,2497.4354150644267,2052.3962353642446,2230.411913347833
Delaware,2018-08,0.0,0.0,0.0,0.0,0.0
Delaware,2018-09,3280.107,753.11584,3603.2056852099017,2178.160764968232,2748.178748323689
Delaware,2018-10,0.0,0.0,0.0,0.0,0.0
Delaware,2018-11,10756.85,932.6148,9214.40297699905,5073.508892063978,6729.866538245038
Delaware,2018-12,0.0,0.0,0.0,0.0,0.0
District of Columbia,2018-01,77.75999999999999,412.66263,108.71613301167211,260.6893805927501,199.9000830861978
District of Columbia,2018-02,0.0,0.0,0.0,0.0,0.0
District of Columbia,2018-03,0.0,0.0,0.0,0.0,0.0
District of Columbia,2018-04,0.0,0.0,0.0,0.0,0.0
District of Columbia,2018-05,0.0,0.0,0.0,0.0,0.0
District of Columbia,2018-06,0.0,0.0,0.0,0.0,0.0
District of Columbia,2018-07,0.0,0.0,0.0,0.0,0.0
District of Columbia,2018-08,0.0,0.0,0.0,0.0,0.0
District of Columbia,2018-09,0.0,0.0,0.0,0.0,0.0
District of Columbia,2018-10,0.0,0.0,0.0,0.0,0.0
District of Columbia,2018-11,0.0,0.0,0.0,0.0,0.0
District of Columbia,2018-12,0.0,0.0,0.0,0.0,0.0
Florida,2018-01,421.944,760.6292,589.9192390364838,675.2742252311325,641.1322338050309
Florida,2018-02,255.073268164794,639.59174,649.3926364573377,644.4921861485907,646.4523784791207
Florida,2018-03,133.126,708.54297,173.74758219401951,441.14527547200976,334.18620426432926
Florida,2018-04,3706.4315,4071.249,7475.900036062752,5773.574529750126,6454.504781103301
Florida,2018-05,4143.5419999999995,2019.5995,7345.247731312055,4682.423609308371,5747.553294730938
Florida,2018-06,3086.087696264544,4165.1167,4103.745514232563,4134.431106725657,4122.156894142481
Florida,2018-07,379.6,1117.854,560.6552998522483,839.2546518792492,727.8149110684487
Florida,2018-08,260.416,1375.9854,262.5582388769973,819.2717952197486,596.586390993195
Florida,2018-09,2070.9503450292395,3053.7659,2274.9440969446314,2664.354983042628,2508.590689638586
Florida,2018-10,1773.647,2919.4626,1775.8981499573504,2347.6803982208626,2118.9675111224888
Florida,2018-11,5234.902,4146.869,4484.258549026738,4315.563844825869,4383.041775334342
Florida,2018-12,1183.3509999999999,3518.4678,1596.9336417816655,2557.700707609583,2173.393954520603
Georgia,2018-01,447.84222194513717,847.7517,626.1275021763158,736.9396055803454,692.6147672704914
Georgia,2018-02,1245.86,318.08218,3171.8428037470317,1744.9624937924611,2315.7146223519258
Georgia,2018-03,4186.91,1877.3425,5464.488449769107,3670.915489532991,4388.344673627437
Georgia,2018-04,3834.1099999999997,1177.7152,7733.428524786862,4455.571867373899,5766.714542546116
Georgia,2018-05,1622.807268164794,1852.4093,2876.7468520517396,2364.578076904776,2569.445635791686
Georgia,2018-06,544.14,607.9021,723.5737619567277,665.7379307830513,688.8722693560375
Georgia,2018-07,449.48600000000005,1172.9319,663.8743627749939,918.4031237703094,816.5916315792144
Georgia,2018-08,71.98,308.45172,72.57212319660184,190.51192219400406,143.33600869855877
Georgia,2018-09,2612.6307526030673,2895.4407,2869.981369855799,2882.711021841962,2877.6192220826533
Georgia,2018-10,0.0,0.0,0.0,0.0,0.0
Georgia,2018-11,74.1,723.5214,63.474647373127766,393.49803535648573,261.48869542193165
Georgia,2018-12,479.97,450.03754,647.7201101329581,548.8788233770259,588.4153380793987
Idaho,2018-01,0.0,0.0,0.0,0.0,0.0
Idaho,2018-02,0.0,0.0,0.0,0.0,0.0
Idaho,2018-03,0.0,0.0,0.0,0.0,0.0
Idaho,2018-04,0.0,0.0,0.0,0.0,0.0
Idaho,2018-05,814.526,857.591,1443.908437176378,1150.7497202971733,1268.0132192558863
Idaho,2018-06,0.0,0.0,0.0,0.0,0.0
Idaho,2018-07,0.0,0.0,0.0,0.0,0.0
Idaho,2018-08,0.0,0.0,0.0,0.0,0.0
Idaho,2018-09,89.97,276.22858,98.83226842854054,187.5304225443484,152.05116394978307
Idaho,2018-10,307.74,677.21735,308.13059005984564,492.67396812562595,418.8566199510716
Idaho,2018-11,0.0,0.0,0.0,0.0,0.0
Idaho,2018-12,21.312,220.14479,28.76057042555494,124.4526805374845,86.17584107034939
Illinois,2018-01,2450.122611111111,2351.2024,3425.512547382471,2888.357469980298,3103.219500941167
Illinois,2018-02,1898.4027502930833,2962.9214,4833.155492696362,3898.038439707556,4272.085309731203
Illinois,2018-03,1878.5342219451372,2827.2363,2451.7433043259107,2639.4898162254553,2564.3912725007935
Illinois,2018-04,1311.3958482023968,2000.1345,2645.095226734621,2322.614874109498,2451.607063987672
Illinois,2018-05,1032.0917502930834,2941.654,1829.5867611203553,2385.6204069273654,2163.2070096397174
Illinois,2018-06,3099.1408482023967,3035.2275,4121.103029307847,3578.1652841851733,3795.3404188553363
Illinois,2018-07,1521.144,2633.6108,2246.673986929526,2440.142413386638,2362.7551038389493
Illinois,2018-08,816.7823450292398,2693.4297,823.5013749412523,1758.4655312206262,1384.479893122939
Illinois,2018-09,4066.935,3809.5464,4467.538197192692,4138.54229195572,4270.140751706759
Illinois,2018-10,2826.4111584552466,3004.036,2829.9984987539706,2917.0171937129226,2882.2097645574668
Illinois,2018-11,1384.4392219451372,3688.0107,1185.9216116396083,2436.966176913554,1936.5484484602257
Illinois,2018-12,4858.542750293083,2629.5632,6556.609465811449,4593.086349116662,5378.495644622702
Indiana,2018-01,0.0,0.0,0.0,0.0,0.0
Indiana,2018-02,0.0,0.0,0.0,0.0,0.0
Indiana,2018-03,367.49,795.44556,479.6245585421347,637.5350575913799,574.3708732304708
Indiana,2018-04,155.34,310.51672,313.3219409564127,311.91933229461256,312.48038033696935
Indiana,2018-05,2751.9700000000003,2036.6196,4878.411127276818,3457.515378091534,4025.8736899726787
Indiana,2018-06,0.0,0.0,0.0,0.0,0.0
Indiana,2018-07,1337.71,1554.3801,1975.7486858939697,1765.0644064235473,1849.338136522263
Indiana,2018-08,2877.324,2489.7085,2900.993495478455,2695.3509957861024,2777.6080444911686
Indiana,2018-09,7.184,239.07558,7.891641840509451,123.48360931136801,77.2468284265402
Indiana,2018-10,909.12,339.6201,910.2738741639268,624.9469804169244,739.077744019241
Indiana,2018-11,3980.31,1792.7803,3409.565096973471,2601.1726852054853,2924.529674326742
Indiana,2018-12,856.38,1434.4281,1155.685871857955,1295.0569862219463,1239.3085709939278
Iowa,2018-01,332.51,972.2648,464.8817050888773,718.573237798345,617.0966369215892
Iowa,2018-02,7.71,219.97665,19.62893745436054,119.80279575354746,79.73325243387269
Iowa,2018-03,0.0,0.0,0.0,0.0,0.0
Iowa,2018-04,106.32,213.79977,214.448234598209,214.12400438406544,214.25370257323848
Iowa,2018-05,0.0,0.0,0.0,0.0,0.0
Iowa,2018-06,0.0,0.0,0.0,0.0,0.0
Iowa,2018-07,0.0,0.0,0.0,0.0,0.0
Iowa,2018-08,0.0,0.0,0.0,0.0,0.0
Iowa,2018-09,0.0,0.0,0.0,0.0,0.0
Iowa,2018-10,0.0,0.0,0.0,0.0,0.0
Iowa,2018-11,0.0,0.0,0.0,0.0,0.0
Iowa,2018-12,57.43,706.87646,77.50185620962932,392.18916052668965,266.31424185162336
Kansas,2018-01,279.9,285.68912,391.3277472989586,338.50843236529965,359.6361644422788
Kansas,2018-02,0.0,0.0,0.0,0.0,0.0
Kansas,2018-03,0.0,0.0,0.0,0.0,0.0
Kansas,2018-04,0.0,0.0,0.0,0.0,0.0
Kansas,2018-05,0.0,0.0,0.0,0.0,0.0
Kansas,2018-06,0.0,0.0,0.0,0.0,0.0
Kansas,2018-07,373.94,672.8116,552.2956871094565,612.5536357910564,588.4504715772055
Kansas,2018-08,0.0,0.0,0.0,0.0,0.0
Kansas,2018-09,0.0,0.0,0.0,0.0,0.0
Kansas,2018-10,0.0,0.0,0.0,0.0,0.0
Kansas,2018-11,85.6632724719101,923.7469,73.37983823188472,498.563362719458,328.48997123497554
Kansas,2018-12,0.0,0.0,0.0,0.0,0.0
Kentucky,2018-01,51.45,354.7567,71.93216362462103,213.34443874590426,156.7795317491488
Kentucky,2018-02,0.0,0.0,0.0,0.0,0.0
Kentucky,2018-03,805.73,962.50323,1051.5875140933201,1007.0453744783007,1024.862236427824
Kentucky,2018-04,10.9,249.50543,21.98538146275845,135.74540679583234,90.2413981884817
Kentucky,2018-05,832.5100000000001,1285.6531,1475.7886341672415,1380.7208551695583,1418.7479972862097
Kentucky,2018-06,1244.55,1084.3091,1654.948589413102,1369.628835722176,1483.7567371985463
Kentucky,2018-07,0.0,0.0,0.0,0.0,0.0
Kentucky,2018-08,214.85000000000002,828.36035,216.61740301180754,522.4888772871537,400.14029978404653
Kentucky,2018-09,1808.5560000000003,1076.2747,1986.7032573085205,1531.4889577558229,1713.5746958874486
Kentucky,2018-10,678.29,1552.7162,679.1508998885186,1115.933543205978,941.2205102930567
Kentucky,2018-11,5088.32,2498.9524,4358.695245905986,3428.8238192420554,3800.7724021146587
Kentucky,2018-12,4375.299613194034,2517.3574,5904.472253104836,4210.914837489918,4888.33785256401
Louisiana,2018-01,0.0,0.0,0.0,0.0,0.0
Louisiana,2018-02,29.16,480.71494,74.23862725929355,277.476781281014,196.18153187935704
Louisiana,2018-03,274.064,316.12265,357.69088958146244,336.9067698639734,345.22042232860576
Louisiana,2018-04,0.0,0.0,0.0,0.0,0.0
Louisiana,2018-05,253.86,1074.3723,450.01706005897336,762.1946872560492,637.3236485842501
Louisiana,2018-06,0.0,0.0,0.0,0.0,0.0
Louisiana,2018-07,0.0,0.0,0.0,0.0,0.0
Louisiana,2018-08,1298.55,1472.0161,1309.232155834222,1390.624134557736,1358.067367482393
Louisiana,2018-09,0.0,0.0,0.0,0.0,0.0
Louisiana,2018-10,1560.49,1128.189,1562.470606624061,1345.3297857339055,1432.1861201934832
Louisiana,2018-11,0.0,0.0,0.0,0.0,0.0
Louisiana,2018-12,1898.5,836.82886,2562.028104021962,1699.4284807219185,2044.4683330936937
Maryland,2018-01,0.0,0.0,0.0,0.0,0.0
Maryland,2018-02,58.85,948.77966,149.82658484943158,549.3031239676845,389.5125205274146
Maryland,2018-03,223.38,688.017,291.54135864143797,489.77919372501583,410.484071898616
Maryland,2018-04,908.82,431.3682,1833.0967322003796,1132.232463390229,1412.578173966047
Maryland,2018-05,634.18,2084.6462,1124.2094821878188,1604.427861211097,1412.3405584299107
Maryland,2018-06,0.0,0.0,0.0,0.0,0.0
Maryland,2018-07,89.95,449.69287,132.8528562215746,291.2728636576623,227.90486678674284
Maryland,2018-08,2411.8,1298.3347,2431.639993408785,1864.98735510283,2091.648422632243
Maryland,2018-09,390.49,675.8579,428.95423473003,552.40607244314,503.02534956492724
Maryland,2018-10,57.64,598.73627,57.71315789643694,328.2247124931404,220.02009065445898
Maryland,2018-11,4708.98327247191,2091.2998,4033.7523981931413,3062.5261014403204,3451.01663234848
Maryland,2018-12,0.0,0.0,0.0,0.0,0.0
Massachusetts,2018-01,12.7,238.2672,17.755849913171755,128.0115232842226,83.90925851343897
Massachusetts,2018-02,0.0,0.0,0.0,0.0,0.0
Massachusetts,2018-03,90.6,542.3036,118.24535362572425,330.27447124645585,245.46283335343665
Massachusetts,2018-04,0.0,0.0,0.0,0.0,0.0
Massachusetts,2018-05,87.6,238.2672,155.28832608983714,196.7777613725553,180.18199183710476
Massachusetts,2018-06,0.0,0.0,0.0,0.0,0.0
Massachusetts,2018-07,328.53999999999996,759.48706,485.2415495612687,622.3643050540718,567.5152150639818
Massachusetts,2018-08,1959.324,1505.4043,1975.4418270361032,1740.4230619555515,1834.430586298319
Massachusetts,2018-09,1926.4,1208.7017,2116.1551839584363,1662.4284220573431,1843.9191329212958
Massachusetts,2018-10,67.9396111111111,605.33325,68.02584148990417,336.6795467215146,229.21806462887042
Massachusetts,2018-11,281.63,449.79913,241.2464904142237,345.52281185750246,303.81228633194877
Massachusetts,2018-12,3403.9527232142855,2812.733,4593.638420667416,3703.185665411833,4059.366779721097
Michigan,2018-01,10455.217723214286,1828.3807,14617.423362435135,8222.90204986991,10780.710574896
Michigan,2018-02,0.0,0.0,0.0,0.0,0.0
Michigan,2018-03,1237.72,1028.101,1615.3933674352254,1321.7471597918316,1439.2056550562202
Michigan,2018-04,1242.52,421.7907,2506.1721261565717,1463.9814183028952,1880.8577044961235
Michigan,2018-05,2090.8140000000003,825.29156,3706.381349602704,2265.836457272055,2842.054423359588
Michigan,2018-06,1184.86,1357.3821,1575.575417341214,1466.4787487096696,1510.1174222658028
Michigan,2018-07,244.494,570.9092,361.1086851477228,466.0089324176114,424.0488457166872
Michigan,2018-08,53.72,314.62817,54.16191244958948,184.39504313885723,132.30179696666576
Michigan,2018-09,4285.43,2315.8467,4707.5554972959935,3511.7010884917468,3990.042876427508
Michigan,2018-10,417.73,926.37665,418.2601916738134,672.318419811516,570.695128556435
Michigan,2018-11,1024.11,1196.2775,877.2607438771105,1036.7691048487115,972.965760460071
Michigan,2018-12,4145.300540636704,2438.1917,5594.0882195041695,4016.1399349473973,4647.319273184168
Minnesota,2018-01,0.0,0.0,0.0,0.0,0.0
Minnesota,2018-02,90.64,366.60614,230.7609456372554,298.6835428869871,271.5145116164889
Minnesota,2018-03,417.81384820239674,1030.3923,545.3040422783341,787.8481881313546,690.830535893662
Minnesota,2018-04,0.0,0.0,0.0,0.0,0.0
Minnesota,2018-05,0.0,0.0,0.0,0.0,0.0
Minnesota,2018-06,530.01,2010.0856,704.7843010524593,1357.434936170761,1096.3747065375028
Minnesota,2018-07,735.98,318.3149,1087.0155099717008,702.6652104301863,856.4053332985499
Minnesota,2018-08,151.48000000000002,1410.9983,152.72610755517155,781.8621992853982,530.2077748003388
Minnesota,2018-09,1545.2444981684982,1122.2968,1697.4549186474874,1409.8758357885874,1524.9074689321474
Minnesota,2018-10,1820.13,1026.3705,1822.4401471554784,1424.405315276958,1583.619266338913
Minnesota,2018-11,101.06,1286.8077,86.56879707865443,686.6882681682334,446.64048583591745
Minnesota,2018-12,1190.23,1490.0276,1606.216860811198,1548.1222243509114,1571.3601033490886
Mississippi,2018-01,0.0,0.0,0.0,0.0,0.0
Mississippi,2018-02,0.0,0.0,0.0,0.0,0.0
Mississippi,2018-03,839.25,1169.885,1095.3356846621311,1132.610347213878,1117.7004944002106
Mississippi,2018-04,0.0,0.0,0.0,0.0,0.0
Mississippi,2018-05,48.69,297.08557,86.3126552204814,191.69911325477196,149.54453004105574
Mississippi,2018-06,0.0,0.0,0.0,0.0,0.0
Mississippi,2018-07,0.0,0.0,0.0,0.0,0.0
Mississippi,2018-08,866.4,354.52393,873.5271955756576,614.0255606784538,717.8262222667298
Mississippi,2018-09,0.0,0.0,0.0,0.0,0.0
Mississippi,2018-10,11.68,247.27954,11.694824500874104,129.48718275824956,82.370245558815
Mississippi,2018-11,173.8,348.82123,148.87845767138475,248.84984284936425,208.86129030405135
Mississippi,2018-12,1660.7927232142856,1623.2543,2241.2418392573964,1932.248055859167,2055.845575321974
Missouri,2018-01,4619.33,1458.236,6458.277966882811,3958.2569643984366,4958.265371495701
Missouri,2018-02,0.0,0.0,0.0,0.0,0.0
Missouri,2018-03,0.0,0.0,0.0,0.0,0.0
Missouri,2018-04,131.36,1144.8577,264.9541017383441,704.9058838769845,528.925177125044
Missouri,2018-05,865.0,1189.5789,1533.3835852478214,1361.4812213348482,1430.2421669000375
Missouri,2018-06,0.0,0.0,0.0,0.0,0.0
Missouri,2018-07,0.0,0.0,0.0,0.0,0.0
Missouri,2018-08,0.0,0.0,0.0,0.0,0.0
Missouri,2018-09,2732.9172866226713,2183.1682,3002.116426191959,2592.6423195412917,2756.4319988226525
Missouri,2018-10,0.0,0.0,0.0,0.0,0.0
Missouri,2018-11,260.0,1430.9279,222.7180609583431,826.8229587018278,585.1810240184964
Missouri,2018-12,839.43,395.64664,1132.8118258410086,764.2292314019496,911.6622707034521
Montana,2018-01,4137.93,1045.7672,5785.233388284316,3415.500300099189,4363.3935353732395
Montana,2018-02,0.0,0.0,0.0,0.0,0.0
Montana,2018-03,0.0,0.0,0.0,0.0,0.0
Montana,2018-04,0.0,0.0,0.0,0.0,0.0
Montana,2018-05,0.0,0.0,0.0,0.0,0.0
Montana,2018-06,0.0,0.0,0.0,0.0,0.0
Montana,2018-07,0.0,0.0,0.0,0.0,0.0
Montana,2018-08,0.0,0.0,0.0,0.0,0.0
Montana,2018-09,39.9,365.17935,43.830249086348424,204.50480044649453,140.2349844800728
Montana,2018-10,0.0,0.0,0.0,0.0,0.0
Montana,2018-11,0.0,0.0,0.0,0.0,0.0
Montana,2018-12,0.0,0.0,0.0,0.0,0.0
Nebraska,2018-01,0.0,0.0,0.0,0.0,0.0
Nebraska,2018-02,0.0,0.0,0.0,0.0,0.0
Nebraska,2018-03,69.93,343.8363,91.26818519919313,217.5522444550653,167.03862380447424
Nebraska,2018-04,0.0,0.0,0.0,0.0,0.0
Nebraska,2018-05,23.55,206.4456,41.74703287004184,124.09631764351701,91.1566044970664
Nebraska,2018-06,73.97,414.7232,98.36209646770894,256.5426510170576,193.27043682671265
Nebraska,2018-07,0.0,0.0,0.0,0.0,0.0
Nebraska,2018-08,0.0,0.0,0.0,0.0,0.0
Nebraska,2018-09,15.96,207.67781,17.53209963453937,112.60495515174235,74.57581447074006
Nebraska,2018-10,322.61400000000003,532.74744,323.02346845248275,427.88545248796015,385.94066192552697
Nebraska,2018-11,0.0,0.0,0.0,0.0,0.0
Nebraska,2018-12,3281.06,1058.2002,4427.794538310402,2742.997366811451,3416.916259825093
Nevada,2018-01,0.0,0.0,0.0,0.0,0.0
Nevada,2018-02,0.0,0.0,0.0,0.0,0.0
Nevada,2018-03,0.0,0.0,0.0,0.0,0.0
Nevada,2018-04,196.45,307.3331,396.241118198064,351.7871087816492,369.5687186517307
Nevada,2018-05,1196.316,1198.1367,2120.706725051252,1659.421721900626,1843.9357475749387
Nevada,2018-06,0.0,0.0,0.0,0.0,0.0
Nevada,2018-07,75.792,326.94992,111.94200865753845,219.44596465591766,176.4443898859605
Nevada,2018-08,0.0,0.0,0.0,0.0,0.0
Nevada,2018-09,0.0,0.0,0.0,0.0,0.0
Nevada,2018-10,0.0,0.0,0.0,0.0,0.0
Nevada,2018-11,0.0,0.0,0.0,0.0,0.0
Nevada,2018-12,0.0,0.0,0.0,0.0,0.0
New Hampshire,2018-01,0.0,0.0,0.0,0.0,0.0
New Hampshire,2018-02,0.0,0.0,0.0,0.0,0.0
New Hampshire,2018-03,0.0,0.0,0.0,0.0,0.0
New Hampshire,2018-04,0.0,0.0,0.0,0.0,0.0
New Hampshire,2018-05,0.0,0.0,0.0,0.0,0.0
New Hampshire,2018-06,0.0,0.0,0.0,0.0,0.0
New Hampshire,2018-07,102.3,281.03253,151.09335399074024,216.06294286451075,190.07510884088146
New Hampshire,2018-08,607.3322219451372,730.6902,612.3282694118981,671.5092274793865,647.8368503559068
New Hampshire,2018-09,82.22,718.3595,90.3188741824453,404.3391856263789,278.7310702040789
New Hampshire,2018-10,0.0,0.0,0.0,0.0,0.0
New Hampshire,2018-11,0.0,0.0,0.0,0.0,0.0
New Hampshire,2018-12,0.0,0.0,0.0,0.0,0.0
New Jersey,2018-01,0.0,0.0,0.0,0.0,0.0
New Jersey,2018-02,166.45,387.4184,423.7661010737109,405.5922485349023,412.8617956539414
New Jersey,2018-03,0.0,0.0,0.0,0.0,0.0
New Jersey,2018-04,2727.64,1894.0559,5501.670265420043,3697.863086811584,4419.3859826690295
New Jersey,2018-05,195.94,926.5311,347.34240426989373,636.9367660997906,521.0990335748631
New Jersey,2018-06,249.79,667.3446,332.15990369972985,499.7522540959587,432.7153169892249
New Jersey,2018-07,6.48,276.91687,9.570722716129001,143.24379641665826,89.77457151408326
New Jersey,2018-08,97.84,361.7011,98.64485320304979,230.17298202144678,177.56173507172468
New Jersey,2018-09,1623.26,2230.2546,1783.1551411505247,2006.7048899111999,1917.2850148209923
New Jersey,2018-10,2408.46,1599.3174,2411.516867925963,2005.4171253692316,2167.8570345989556
New Jersey,2018-11,46.26,387.4184,39.62668269204981,213.5225393440718,143.96420278677863
New Jersey,2018-12,1054.4,2369.6938,1422.9141073904432,1896.3039775233465,1706.94807829831
New Mexico,2018-01,0.0,0.0,0.0,0.0,0.0
New Mexico,2018-02,0.0,0.0,0.0,0.0,0.0
New Mexico,2018-03,550.086167076167,1264.6132,717.9374542002274,991.2753066899575,881.9401901081279
New Mexico,2018-04,0.0,0.0,0.0,0.0,0.0
New Mexico,2018-05,0.0,0.0,0.0,0.0,0.0
New Mexico,2018-06,439.8121538461538,533.1666,584.8431188899044,559.0048724332335,569.3401801711752
New Mexico,2018-07,545.85,217.71248,806.2004621294776,511.95647038358646,629.6540670819429
New Mexico,2018-08,0.0,0.0,0.0,0.0,0.0
New Mexico,2018-09,138.6,787.99713,152.252444194684,470.12478777117013,342.97586559936474
New Mexico,2018-10,730.488,882.3548,731.4151506844627,806.884974023872,776.6970568951394
New Mexico,2018-11,201.36,521.4887,172.4865721329691,346.9876403145314,277.1872252489377
New Mexico,2018-12,249.51,1420.3534,336.7140543768868,878.5337239657872,661.8058866478051
New York,2018-01,1118.7060000000001,2192.213,1564.0610892098211,1878.1369899174106,1752.506641841406
New York,2018-02,623.734,2548.2236,1587.9683105263446,2068.0959716694224,1876.0449194192224
New York,2018-03,3925.102167076167,5029.861,5122.793529393134,5076.327184618442,5094.913722528318
New York,2018-04,1959.392,4534.5376,3952.1083078052484,4243.322952730749,4126.837143588674
New York,2018-05,3237.67,4487.46,5739.410442137935,5113.435201537717,5363.82534660593
New York,2018-06,9955.558968736454,5671.936,13238.470348422603,9455.203191789427,10968.51017651301
New York,2018-07,2479.804750293083,3659.0781,3662.580810986823,3660.8294679934115,3661.5300784329634
New York,2018-08,6669.652,3292.5154,6724.518013649095,5008.516697254236,5694.917248226241
New York,2018-09,9886.595766333292,5401.197,10860.450001364059,8130.8233893539045,9222.674131814216
New York,2018-10,25247.092121680027,6154.0635,25279.13626031243,15716.599868437464,19541.614498429637
New York,2018-11,17811.085848202398,5732.863,15257.117321823935,10494.990057396342,12399.841011995504
New York,2018-12,6830.097901442308,4982.1167,9217.225586893135,7099.671143055943,7946.692920590819
North Carolina,2018-01,1153.87,1778.1989,1613.2238219930312,1695.711337266047,1662.7163311568404
North Carolina,2018-02,428.70399999999995,748.61926,1091.4402078384148,920.0297352668637,988.5939303989998
North Carolina,2018-03,13.092,251.65417,17.0868451398232,134.37050997225535,87.4570455651614
North Carolina,2018-04,320.4774395480772,1158.8962,646.4053907039072,902.6508154691411,800.1526577700788
North Carolina,2018-05,1102.1209999999999,1596.1643,1953.7274570600161,1774.9458818503206,1846.4585241412299
North Carolina,2018-06,1059.185268164794,2081.1787,1408.4586119291826,1744.8186614333413,1610.27466604574
North Carolina,2018-07,134.362,1246.8357,198.4477539482291,722.641723653802,512.9641479786042
North Carolina,2018-08,809.616,958.9165,816.2760779930535,887.5962909496518,859.068211870528
North Carolina,2018-09,1145.856,1106.2064,1258.7256615811243,1182.466041239781,1212.9699015833494
North Carolina,2018-10,3269.973848202397,2096.1877,3274.124167566351,2685.155955853488,2920.743240538633
North Carolina,2018-11,12700.758750293084,3180.8457,10879.570621403785,7030.208162264393,8569.95315812718
North Carolina,2018-12,143.894,1037.3651,194.18513141961347,615.7751218621505,447.1391256851357
North Dakota,2018-01,0.0,0.0,0.0,0.0,0.0
North Dakota,2018-02,0.0,0.0,0.0,0.0,0.0
North Dakota,2018-03,0.0,0.0,0.0,0.0,0.0
North Dakota,2018-04,0.0,0.0,0.0,0.0,0.0
North Dakota,2018-05,891.53,989.1741,1580.4132575213757,1284.7936648935004,1403.041508048166
North Dakota,2018-06,0.0,0.0,0.0,0.0,0.0
North Dakota,2018-07,0.0,0.0,0.0,0.0,0.0
North Dakota,2018-08,0.0,0.0,0.0,0.0,0.0
North Dakota,2018-09,0.0,0.0,0.0,0.0,0.0
North Dakota,2018-10,0.0,0.0,0.0,0.0,0.0
North Dakota,2018-11,0.0,0.0,0.0,0.0,0.0
North Dakota,2018-12,28.38,590.09973,38.29884518943549,314.199288317374,203.8391141179564
Ohio,2018-01,242.87,1213.5405,339.5561628670886,776.5483451054192,601.7514783136025
Ohio,2018-02,1102.7467502930833,2434.425,2807.489881906909,2620.957465367517,2695.570431983274
Ohio,2018-03,779.009,1628.0935,1016.7129655918524,1322.4032357256137,1200.127145982656
Ohio,2018-04,1251.7399999999998,1862.642,2524.7689350636015,2193.7054514185193,2326.1308570835836
Ohio,2018-05,797.9304593135079,2213.9302,1414.4895589370954,1814.2098673591727,1654.3217684044043
Ohio,2018-06,1826.6200000000001,2508.0461,2428.9600196004667,2468.503081089296,2452.685893114858
Ohio,2018-07,2876.414,1904.588,4248.358149813501,3076.4730812544067,3545.2271086780443
Ohio,2018-08,283.9299014423077,1458.8228,286.2655708067543,872.5441623565022,638.0327501506655
Ohio,2018-09,3116.193924207301,3852.8762,3423.146764395277,3638.0114925492007,3552.0656501157564
Ohio,2018-10,1167.508,1865.4797,1168.9898256306956,1517.2347809794103,1377.9367988399244
Ohio,2018-11,4523.492,4071.988,3874.859103848374,3973.4235704788744,3933.997808240737
Ohio,2018-12,1998.7458482023967,3427.9407,2697.310000469715,3062.62533714892,2916.4992024772378
Oklahoma,2018-01,0.0,0.0,0.0,0.0,0.0
Oklahoma,2018-02,19.669999999999998,533.85913,50.07797661832318,291.9685537388491,195.21232899415435
Oklahoma,2018-03,2131.7400000000002,671.6327,2782.21137017772,1726.9220303037037,2149.037781512099
Oklahoma,2018-04,0.0,0.0,0.0,0.0,0.0
Oklahoma,2018-05,477.3,224.33322,846.1086534552429,535.2209374453948,659.5760299528497
Oklahoma,2018-06,0.0,0.0,0.0,0.0,0.0
Oklahoma,2018-07,935.74,1329.2699,1382.0537151837268,1355.6618063223323,1366.2185759704057
Oklahoma,2018-08,0.0,0.0,0.0,0.0,0.0
Oklahoma,2018-09,291.96,312.45685,320.7187850438668,316.587816594199,318.24021007758176
Oklahoma,2018-10,2320.54,1313.9409,2323.4852780186984,1818.7130979937242,2020.6219761072293
Oklahoma,2018-11,38.16,248.66965,32.688158485270655,140.67890285103377,97.48260968236524
Oklahoma,2018-12,10.8,248.66965,14.574613391328517,131.6221303040627,84.80312811660575
Oregon,2018-01,0.0,0.0,0.0,0.0,0.0
Oregon,2018-02,0.0,0.0,0.0,0.0,0.0
Oregon,2018-03,0.0,0.0,0.0,0.0,0.0
Oregon,2018-04,0.0,0.0,0.0,0.0,0.0
Oregon,2018-05,550.448,1074.6653,975.7779511358298,1025.2216171694774,1005.4441629630495
Oregon,2018-06,87.688,877.1095,116.6036976485124,496.85659735941243,344.75546188911494
Oregon,2018-07,170.097268164794,559.06177,251.227436477821,405.144602027973,343.5777419114278
Oregon,2018-08,6.208,350.88187,6.259068363496863,178.5704674092875,109.64591236860797
Oregon,2018-09,1893.5962219451371,3225.4482,2080.120152301345,2652.7841972444226,2423.7186280953165
Oregon,2018-10,849.3803450292398,1980.3851,850.4583963706211,1415.4217641032792,1189.436417010216
Oregon,2018-11,29.448000000000004,590.57794,25.225390227312644,307.90166606092197,194.83115877923603
Oregon,2018-12,0.0,0.0,0.0,0.0,0.0
Pennsylvania,2018-01,3178.738,1612.897,4444.188570180769,3028.5427714185093,3594.80110923396
Pennsylvania,2018-02,1448.676,802.2763,3688.1933327669526,2245.234819459648,2822.418240041359
Pennsylvania,2018-03,1162.4750000000001,2129.675,1517.1883825172606,1823.431715672693,1700.934394617551
Pennsylvania,2018-04,1916.1100000000001,2259.1538,3864.808190330835,3061.9809994622924,3383.1118880167405
Pennsylvania,2018-05,1138.6399999999999,1772.0458,2018.4646075220567,1895.255191944622,1944.5389947966896
Pennsylvania,2018-06,1448.7522681647943,1232.6809,1926.4879053540303,1579.5844067785777,1718.3458245193056
Pennsylvania,2018-07,3493.25,3875.4062,5159.402334586053,4517.404292293027,4774.203582452425
Pennsylvania,2018-08,11069.398,2366.6528,11160.457284915503,6763.555058473376,8522.315949050226
Pennsylvania,2018-09,9278.7458088015,3358.0535,10192.725313500781,6775.389390148828,8142.3237961107025
Pennsylvania,2018-10,2161.5424074791813,2591.7307,2164.285882420028,2378.0082976553267,2292.5193437682383
Pennsylvania,2018-11,6905.9191670761675,3402.415,5915.665100101,4659.04006958175,5161.690118410544
Pennsylvania,2018-12,3539.580221945137,2943.2683,4776.667898374366,3859.9681044606205,4226.648058647212
Rhode Island,2018-01,0.0,0.0,0.0,0.0,0.0
Rhode Island,2018-02,0.0,0.0,0.0,0.0,0.0
Rhode Island,2018-03,0.0,0.0,0.0,0.0,0.0
Rhode Island,2018-04,217.7190729734813,903.2482,439.14099734313123,671.1946136618,578.3731854448794
Rhode Island,2018-05,0.0,0.0,0.0,0.0,0.0
Rhode Island,2018-06,0.0,0.0,0.0,0.0,0.0
Rhode Island,2018-07,252.0,344.43802,372.19477229390554,358.31639554636683,363.86775387477684
Rhode Island,2018-08,0.0,0.0,0.0,0.0,0.0
Rhode Island,2018-09,203.3590729734813,558.8102,223.39044667660627,391.1003136703344,324.01637907987435
Rhode Island,2018-10,1642.3287232142857,1640.028,1644.4132012616194,1642.2205776815908,1643.0976332171178
Rhode Island,2018-11,117.488,283.34537,100.64115209951467,191.99325976557765,155.45242280266808
Rhode Island,2018-12,1508.88,1102.8462,2036.235430917386,1569.540811161818,1756.2186834781078
South Carolina,2018-01,0.0,0.0,0.0,0.0,0.0
South Carolina,2018-02,0.0,0.0,0.0,0.0,0.0
South Carolina,2018-03,0.0,0.0,0.0,0.0,0.0
South Carolina,2018-04,0.0,0.0,0.0,0.0,0.0
South Carolina,2018-05,301.96,458.35443,535.2838235854707,496.81912736890723,512.2050089072904
South Carolina,2018-06,1044.63,467.0329,1389.1036478716076,928.0682729104132,1112.4824320501643
South Carolina,2018-07,0.0,0.0,0.0,0.0,0.0
South Carolina,2018-08,0.0,0.0,0.0,0.0,0.0
South Carolina,2018-09,685.26,439.70966,752.7598117521585,596.2347337569386,658.8447710585422
South Carolina,2018-10,0.0,0.0,0.0,0.0,0.0
South Carolina,2018-11,79.1,483.45993,67.75768700694206,275.608808713432,192.468360030836
South Carolina,2018-12,38.64,672.40015,52.14472791119758,362.2724371977863,238.2213565349086
South Dakota,2018-01,0.0,0.0,0.0,0.0,0.0
South Dakota,2018-02,0.0,0.0,0.0,0.0,0.0
South Dakota,2018-03,0.0,0.0,0.0,0.0,0.0
South Dakota,2018-04,0.0,0.0,0.0,0.0,0.0
South Dakota,2018-05,0.0,0.0,0.0,0.0,0.0
South Dakota,2018-06,0.0,0.0,0.0,0.0,0.0
South Dakota,2018-07,1127.91,1657.3049,1665.8817683254724,1661.5933499830487,1663.308735630565
South Dakota,2018-08,0.0,0.0,0.0,0.0,0.0
South Dakota,2018-09,0.0,0.0,0.0,0.0,0.0
South Dakota,2018-10,0.0,0.0,0.0,0.0,0.0
South Dakota,2018-11,25.5,336.98743,21.84350213245288,179.4154644451327,116.38668104593967
South Dakota,2018-12,0.0,0.0,0.0,0.0,0.0
Tennessee,2018-01,175.08599999999998,1326.0997,244.7874596769756,785.4435955611441,569.1811473109923
Tennessee,2018-02,0.0,0.0,0.0,0.0,0.0
Tennessee,2018-03,148.568,641.6364,193.90149776453202,417.7689556693754,328.2219847144693
Tennessee,2018-04,631.5640000000001,1829.0564,1273.8693080867506,1551.4628522855628,1440.425434606038
Tennessee,2018-05,74.57600000000001,623.93335,132.20071011958558,378.0670298644803,279.7205050182802
Tennessee,2018-06,2854.696,1718.8323,3796.0508765443133,2757.4415759674694,3172.8853328193004
Tennessee,2018-07,0.0,0.0,0.0,0.0,0.0
Tennessee,2018-08,2481.826,3155.3284,2502.242042574737,2828.785205857681,2698.168001579659
Tennessee,2018-09,1244.8063450292398,2198.6243,1367.4228613257783,1783.0235644519516,1616.7832832014824
Tennessee,2018-10,4443.875268164794,1571.7959,4449.515527822099,3010.6557131297996,3586.199657317266
Tennessee,2018-11,2229.569268164794,2669.335,1909.8667083768266,2289.6008346571634,2137.7072329731536
Tennessee,2018-12,2060.588,2136.2964,2780.766061001004,2458.531223859877,2587.4251587163276
Texas,2018-01,3640.0280000000002,3339.3018,5089.117389586045,4214.209573699272,4564.172761089138
Texas,2018-02,1392.4824,2277.1353,3545.1296933719655,2911.132473639108,3164.731410360376
Texas,2018-03,7665.65739849548,4764.353,10004.728144136287,7384.540585740018,8432.615609098524
Texas,2018-04,3192.225852525253,2741.3696,6438.743402114403,4590.056515510327,5329.531331187113
Texas,2018-05,3306.9552,3540.831,5862.232162809163,4701.531608748332,5165.811903614852
Texas,2018-06,3305.4202,3065.4783,4395.404360939757,3730.441316212066,3996.4265463101733
Texas,2018-07,1816.446,2116.6882,2682.8242275959346,2399.756230008905,2512.9834290437166
Texas,2018-08,2803.374018457877,4030.5505,2826.435185241425,3428.4928611754003,3187.66979080181
Texas,2018-09,4036.3152724719102,5459.0195,4433.90235046306,4946.46094085653,4741.437577941329
Texas,2018-10,3274.80691736925,3652.3586,3278.9633709659165,3465.6610067720208,3390.982001277704
Texas,2018-11,7600.624268164794,4947.544,6510.754996456109,5729.149470884305,6041.791681113026
Texas,2018-12,2683.2988,3970.1719,3621.115057723679,3795.6434663618393,3725.8321761487628
Utah,2018-01,0.0,0.0,0.0,0.0,0.0
Utah,2018-02,899.43,443.59534,2289.864489568806,1366.7299132414344,1735.9837559794144
Utah,2018-03,0.0,0.0,0.0,0.0,0.0
Utah,2018-04,0.0,0.0,0.0,0.0,0.0
Utah,2018-05,0.0,0.0,0.0,0.0,0.0
Utah,2018-06,0.0,0.0,0.0,0.0,0.0
Utah,2018-07,97.91799999999999,754.7033,144.6213004502962,449.66230427788247,327.6459057986058
Utah,2018-08,102.72,318.36624,103.56499714858212,210.96561930183012,168.00537044053092
Utah,2018-09,2202.602536329588,2611.0437,2419.564356028788,2515.3040286003315,2477.00822060687
Utah,2018-10,11.68,287.1444,11.694824500874104,149.4196168402808,94.32970295627594
Utah,2018-11,19.44,318.6658,16.65245809626996,167.65913004911155,107.25646737149053
Utah,2018-12,0.0,0.0,0.0,0.0,0.0
Vermont,2018-01,637.1800000000001,1001.68536,890.8403502106128,946.262856990072,924.0938603818039
Vermont,2018-02,0.0,0.0,0.0,0.0,0.0
Vermont,2018-03,0.0,0.0,0.0,0.0,0.0
Vermont,2018-04,0.0,0.0,0.0,0.0,0.0
Vermont,2018-05,0.0,0.0,0.0,0.0,0.0
Vermont,2018-06,0.0,0.0,0.0,0.0,0.0
Vermont,2018-07,0.0,0.0,0.0,0.0,0.0
Vermont,2018-08,0.0,0.0,0.0,0.0,0.0
Vermont,2018-09,0.0,0.0,0.0,0.0,0.0
Vermont,2018-10,0.0,0.0,0.0,0.0,0.0
Vermont,2018-11,0.0,0.0,0.0,0.0,0.0
Vermont,2018-12,205.03,370.34412,276.6882392244524,323.516177717695,304.7850084239135
Virginia,2018-01,0.0,0.0,0.0,0.0,0.0
Virginia,2018-02,411.13800000000003,843.76025,1046.718818042916,945.239535974583,985.8312549054317
Virginia,2018-03,958.7896111111111,2954.6965,1251.3511768046794,2103.023855003902,1762.354820345307
Virginia,2018-04,4.89,273.5584,9.86316654613659,141.71078859533392,88.97174435329171
Virginia,2018-05,707.6,1378.3508,1254.3609536663105,1316.3558918722179,1291.557947107433
Virginia,2018-06,263.38,585.31165,350.2312960344083,467.7714707711104,420.7554130834608
Virginia,2018-07,2201.6838969072164,2967.0952,3251.806494732302,3109.450854788026,3166.3931473868297
Virginia,2018-08,0.0,0.0,0.0,0.0,0.0
Virginia,2018-09,245.45000000000002,802.89905,269.6274345424617,536.2632411970121,429.60892463870755
Virginia,2018-10,608.4300000000001,808.2908,609.2022321118864,708.7465017981307,668.9288061306642
Virginia,2018-11,88.62,974.6447,75.91259446972448,525.2786544125967,345.53224874599465
Virginia,2018-12,1867.7532724719101,1395.9094,2520.535357098774,1958.2223904634495,2183.1476076351573
Washington,2018-01,2290.422,2722.8796,3202.2353755769045,2962.5575071243898,3058.428715540552
Washington,2018-02,2057.612,2122.414,5238.487322093605,3680.4506922968026,4303.665368629586
Washington,2018-03,15523.254345029238,3189.0288,20259.96357008877,11724.49618934126,15138.683178261357
Washington,2018-04,430.73275029308326,1756.0062,868.791176485919,1312.3987010359283,1134.9557034229556
Washington,2018-05,3570.4581538461534,3953.5984,6329.343265805703,5141.470827238789,5616.6198759077415
Washington,2018-06,4899.259848202397,4289.3223,6514.823168977386,5402.072717301193,5847.172971213857
Washington,2018-07,5227.982252525253,2838.7324,7721.538349346094,5280.135385610547,6256.696595518828
Washington,2018-08,10754.37697223822,3740.526,10842.844825395527,7291.685352150888,8712.14921469093
Washington,2018-09,4117.633268164794,3658.454,4523.23037067413,4090.842236118315,4263.797514354704
Washington,2018-10,1761.3600000000001,2521.545,1763.5955550393505,2142.570238457175,1990.9803895041077
Washington,2018-11,11829.358,5187.98,10133.121831315628,7660.550905892189,8649.579324889688
Washington,2018-12,3615.039268164794,3591.158,4878.499974812319,4234.828966898347,4492.297394477999
West Virginia,2018-01,0.0,0.0,0.0,0.0,0.0
West Virginia,2018-02,0.0,0.0,0.0,0.0,0.0
West Virginia,2018-03,0.0,0.0,0.0,0.0,0.0
West Virginia,2018-04,0.0,0.0,0.0,0.0,0.0
West Virginia,2018-05,0.0,0.0,0.0,0.0,0.0
West Virginia,2018-06,536.48,410.26984,713.3878263214342,561.8288313736077,622.452433930375
West Virginia,2018-07,0.0,0.0,0.0,0.0,0.0
West Virginia,2018-08,0.0,0.0,0.0,0.0,0.0
West Virginia,2018-09,0.0,0.0,0.0,0.0,0.0
West Virginia,2018-10,673.344,332.11084,674.1986223216245,503.15473108268725,571.57229063002
West Virginia,2018-11,0.0,0.0,0.0,0.0,0.0
West Virginia,2018-12,0.0,0.0,0.0,0.0,0.0
Wisconsin,2018-01,3.6,318.75327,5.033154306095931,161.89320984347765,99.14919220616169
Wisconsin,2018-02,0.0,0.0,0.0,0.0,0.0
Wisconsin,2018-03,2011.58,769.3818,2625.386185942984,1697.3839804226639,2068.584874837823
Wisconsin,2018-04,0.0,0.0,0.0,0.0,0.0
Wisconsin,2018-05,0.0,0.0,0.0,0.0,0.0
Wisconsin,2018-06,0.0,0.0,0.0,0.0,0.0
Wisconsin,2018-07,573.35,1083.2095,846.816955137741,965.0132138969955,917.7347287038406
Wisconsin,2018-08,113.41,753.29895,114.34293542270929,433.8209428090109,306.0297551132793
Wisconsin,2018-09,312.6101670761671,1478.4872,343.40304485898247,910.945113738085,683.9283044969909
Wisconsin,2018-10,60.72,318.75327,60.7970670970099,189.77516623893464,138.18393115980146
Wisconsin,2018-11,442.26275029308323,1750.5524,378.84577761299755,1064.69907288853,790.357754778317
Wisconsin,2018-12,2020.7703450292397,2883.8003,2727.0320862465464,2805.4161896076484,2774.0625970913325
Alabama,2018-01,56.370000000000005,0.0,78.81080784295214,78.81080784295214,55.1675654900665
Alabama,2018-02,0.0,0.0,0.0,0.0,0.0
Alabama,2018-03,0.0,0.0,0.0,0.0,0.0
Alabama,2018-04,518.16,0.0,1045.132592545222,1045.132592545222,731.5928147816553
Alabama,2018-05,26.16,0.0,46.37377409258151,46.37377409258151,32.461641864807056
Alabama,2018-06,16.240000000000002,0.0,21.595247352110224,21.595247352110224,15.116673146477156
Alabama,2018-07,0.0,0.0,0.0,0.0,0.0
Alabama,2018-08,0.0,0.0,0.0,0.0,0.0
Alabama,2018-09,0.0,0.0,0.0,0.0,0.0
Alabama,2018-10,10.16,0.0,10.172895285006927,10.172895285006927,7.121026699504848
Alabama,2018-11,239.92,0.0,205.51737378894487,205.51737378894487,143.8621616522614
Alabama,2018-12,961.24,0.0,1297.1945718778354,1297.1945718778354,908.0362003144847
Maine,2018-01,0.0,0.0,0.0,0.0,0.0
Maine,2018-02,0.0,0.0,0.0,0.0,0.0
Maine,2018-03,0.0,0.0,0.0,0.0,0.0
Maine,2018-04,0.0,0.0,0.0,0.0,0.0
Maine,2018-05,0.0,0.0,0.0,0.0,0.0
Maine,2018-06,0.0,0.0,0.0,0.0,0.0
Maine,2018-07,0.0,0.0,0.0,0.0,0.0
Maine,2018-08,0.0,0.0,0.0,0.0,0.0
Maine,2018-09,0.0,0.0,0.0,0.0,0.0
Maine,2018-10,0.0,0.0,0.0,0.0,0.0
Maine,2018-11,0.0,0.0,0.0,0.0,0.0
Maine,2018-12,0.0,0.0,0.0,0.0,0.0
Wyoming,2018-01,0.0,0.0,0.0,0.0,0.0
Wyoming,2018-02,0.0,0.0,0.0,0.0,0.0
Wyoming,2018-03,0.0,0.0,0.0,0.0,0.0
Wyoming,2018-04,0.0,0.0,0.0,0.0,0.0
Wyoming,2018-05,0.0,0.0,0.0,0.0,0.0
Wyoming,2018-06,0.0,0.0,0.0,0.0,0.0
Wyoming,2018-07,0.0,0.0,0.0,0.0,0.0
Wyoming,2018-08,0.0,0.0,0.0,0.0,0.0
Wyoming,2018-09,0.0,0.0,0.0,0.0,0.0
Wyoming,2018-10,0.0,0.0,0.0,0.0,0.0
Wyoming,2018-11,0.0,0.0,0.0,0.0,0.0
Wyoming,2018-12,0.0,0.0,0.0,0.0,0.0
